BS,1_100,1_200,1_500,1_1000,1_2000,1_5000,1_10000,2_100,2_200,2_500,2_1000,2_2000,2_5000,2_10000,3_100,3_200,3_500,3_1000,3_2000,3_5000,3_10000,avg
S1-STD,0.0,0.0,0.06,0.78,2.3,4.25,5.74,0.13,0.0,0.23,0.15,0.7,1.54,2.21,0.01,0.0,0.0,0.72,1.63,3.0,3.84,1.3
S2-STD,0.0,0.0,1.4,4.48,7.92,11.3,13.72,0.13,0.0,0.34,1.19,2.81,4.25,5.57,0.01,0.0,1.44,3.19,5.69,8.04,9.41,3.85
S3-STD,0.0,0.01,3.38,7.2,11.31,15.42,18.16,0.13,0.0,0.68,2.11,4.15,5.89,7.49,0.01,0.0,2.44,5.17,8.16,10.84,12.46,5.48
S4-STD,0.0,0.01,3.78,8.05,12.18,16.7,19.68,0.13,0.0,0.94,2.5,4.69,6.37,8.09,0.03,0.0,2.79,5.74,8.93,11.65,13.45,5.99
S1-COM,0.11,1.23,9.09,15.68,19.49,22.53,24.86,0.27,0.16,2.86,5.01,7.7,9.06,10.4,1.88,1.17,6.87,9.81,13.08,15.19,16.48,9.19
S2-COM,0.0,1.42,9.48,15.35,19.11,22.39,24.34,0.25,0.21,3.03,5.38,7.72,8.92,10.44,1.39,1.32,6.9,9.97,13.06,15.26,16.62,9.17
S3-COM,0.07,1.28,9.56,15.14,19.0,22.17,24.59,0.23,0.24,3.4,5.7,7.89,8.9,10.43,2.08,1.52,6.75,10.12,13.11,15.12,16.5,9.23
S4-COM,0.27,1.2,10.48,15.09,18.83,22.32,24.52,0.18,0.23,3.45,5.22,7.79,9.0,10.49,1.83,1.39,6.87,10.47,12.99,15.28,16.62,9.26
S1-ELIT,3.58,4.22,12.85,16.0,18.92,22.11,24.83,1.83,1.69,4.39,5.59,7.72,8.9,10.5,4.45,3.51,7.24,10.27,13.03,14.94,16.57,10.15
S2-ELIT,3.83,5.06,11.62,15.97,19.06,22.13,24.8,2.26,1.31,4.15,5.68,7.79,8.93,10.41,4.03,2.9,6.95,9.87,12.96,15.14,16.44,10.06
S3-ELIT,4.58,4.74,10.95,15.12,18.86,22.45,24.47,1.79,1.49,3.77,5.56,7.84,9.05,10.38,4.27,2.76,7.4,10.24,13.34,14.88,16.64,10.03
S4-ELIT,3.46,4.65,11.36,15.39,19.15,22.53,24.79,1.57,1.31,4.3,5.76,7.97,8.73,10.54,4.4,3.4,6.83,9.82,13.14,15.14,16.56,10.04
V1-STD,2.83,3.98,10.01,15.72,18.33,22.25,24.36,1.23,1.12,3.8,5.41,7.54,8.67,10.4,3.88,1.99,6.55,9.66,12.84,15.15,16.41,9.63
V2-STD,3.52,3.99,10.57,15.1,19.0,22.44,24.53,0.91,1.27,3.96,5.52,7.63,8.83,10.53,3.71,2.94,6.67,9.71,13.26,15.03,16.49,9.79
V3-STD,2.67,5.02,11.07,15.49,19.36,22.85,24.69,1.46,1.2,3.64,5.57,7.87,8.92,10.47,4.14,3.01,7.11,10.2,13.05,14.98,16.51,9.97
V4-STD,3.71,3.96,11.39,15.8,19.26,22.1,24.63,1.61,1.56,4.34,5.35,8.05,9.05,10.4,4.24,2.74,6.96,9.8,13.26,15.31,16.51,10.0
V1-COM,4.01,4.41,10.83,16.13,18.88,22.62,24.79,1.94,1.64,4.33,5.68,7.9,8.87,10.42,4.1,3.14,7.07,10.32,12.99,15.19,16.53,10.09
V2-COM,4.75,4.64,10.7,15.91,19.3,22.21,24.34,1.17,1.31,4.37,5.66,7.68,9.0,10.57,4.34,2.55,7.08,10.09,13.04,15.16,16.43,10.01
V3-COM,4.21,4.8,11.2,15.68,19.01,22.41,24.46,1.23,1.25,4.25,5.8,7.89,9.07,10.55,4.29,3.23,7.39,10.19,13.36,15.06,16.55,10.09
V4-COM,4.88,4.9,11.22,15.69,19.15,22.21,24.52,1.26,1.29,3.8,5.79,7.73,8.82,10.41,4.2,3.05,7.18,10.16,12.96,15.12,16.52,10.04
V1-ELIT,2.97,4.57,12.1,15.98,18.94,22.13,24.36,1.72,1.88,4.5,6.03,7.7,9.02,10.46,3.96,3.28,7.0,10.02,13.18,15.07,16.57,10.07
V2-ELIT,4.44,4.74,10.61,15.51,18.82,22.48,24.59,2.52,1.57,4.29,5.71,7.52,9.09,10.4,4.1,2.93,7.31,9.89,13.45,15.19,16.57,10.08
V3-ELIT,4.24,4.26,11.23,15.77,18.63,22.09,24.51,1.79,1.68,4.38,5.64,7.98,8.99,10.48,4.26,2.87,7.1,10.05,13.08,15.16,16.57,10.04
V4-ELIT,3.82,4.97,11.67,16.03,18.93,22.5,24.56,1.45,1.51,4.16,5.63,8.12,9.2,10.47,3.74,3.73,6.77,10.07,13.35,15.33,16.57,10.12
X1-STD,0.0,0.69,8.83,14.8,18.91,22.53,25.03,0.13,0.16,2.75,5.27,7.86,9.03,10.29,0.56,0.15,6.53,10.32,13.22,15.33,16.43,8.99
X2-STD,0.0,0.24,7.19,13.57,18.7,22.66,24.58,0.13,0.09,2.15,4.6,7.4,8.85,10.48,0.13,0.06,5.44,9.55,13.08,15.23,16.54,8.6
X3-STD,0.0,0.08,6.24,12.21,17.11,21.82,24.56,0.13,0.04,1.72,3.82,6.84,8.65,10.3,0.07,0.02,4.39,8.6,12.28,15.06,16.52,8.12
X4-STD,0.0,0.09,6.01,11.48,16.05,20.89,24.25,0.13,0.05,1.55,3.58,6.18,8.31,10.22,0.05,0.01,4.3,7.93,11.69,14.7,16.39,7.8
X1-COM,0.42,1.56,10.49,15.03,19.4,22.42,24.73,0.35,0.27,3.71,5.48,7.63,8.97,10.5,2.65,1.98,6.63,9.98,12.94,15.25,16.75,9.39
X2-COM,0.13,1.63,10.23,15.38,18.77,22.28,24.99,0.2,0.33,3.53,5.4,8.1,8.9,10.49,1.89,1.85,7.1,9.84,13.26,15.28,16.48,9.34
X3-COM,0.25,1.35,10.31,15.37,19.02,22.58,24.38,0.2,0.3,3.39,5.53,7.95,9.06,10.43,1.93,1.35,6.89,9.85,12.96,15.08,16.6,9.28
X4-COM,0.14,1.55,10.73,15.9,19.31,22.76,24.45,0.16,0.23,3.48,5.57,7.86,9.12,10.48,1.68,1.82,6.71,9.93,13.08,15.13,16.62,9.37
X1-ELIT,3.31,4.75,11.85,16.12,19.13,22.02,24.44,1.85,1.6,4.27,5.72,7.89,9.09,10.51,4.57,3.23,7.01,10.13,12.92,15.28,16.45,10.1
X2-ELIT,3.92,3.64,10.47,16.06,19.02,22.44,24.65,1.52,1.5,3.87,5.74,7.62,8.94,10.5,4.39,2.58,7.31,9.89,13.3,15.26,16.46,9.96
X3-ELIT,3.2,5.24,10.97,15.81,19.39,22.21,24.63,2.17,1.69,4.32,5.63,7.64,8.88,10.5,4.77,2.85,6.88,10.19,12.84,15.2,16.58,10.08
X4-ELIT,3.55,4.18,11.72,15.8,19.1,21.96,24.78,1.4,1.59,4.59,5.43,7.61,8.96,10.42,4.72,3.27,7.45,9.97,13.03,15.11,16.48,10.05
Z1-STD,5.49,5.15,10.99,15.57,18.72,22.26,24.6,1.94,1.33,4.37,5.61,7.72,8.9,10.46,4.07,2.91,6.73,9.92,12.98,15.14,16.41,10.06
Z2-STD,3.97,5.32,10.76,15.77,19.22,22.23,24.68,1.66,1.7,4.29,5.28,7.93,8.94,10.37,4.27,2.53,7.32,10.17,13.04,15.21,16.41,10.05
Z3-STD,3.98,5.08,11.51,15.97,19.34,21.64,24.45,1.51,1.51,3.99,5.65,7.92,8.88,10.45,4.07,3.17,7.12,9.9,13.28,15.09,16.68,10.06
Z4-STD,4.31,4.64,11.33,15.17,18.57,22.19,24.59,1.53,1.61,4.49,5.93,7.73,9.04,10.55,4.24,2.85,6.98,10.31,13.0,15.26,16.58,10.04
Z1-COM,3.59,4.65,10.69,16.08,18.94,22.12,24.32,1.35,1.59,3.88,5.57,7.57,9.12,10.48,4.22,2.96,7.22,9.64,13.17,14.96,16.41,9.93
Z2-COM,4.49,4.32,12.04,15.21,18.91,22.16,24.86,1.98,1.38,4.55,5.7,7.78,8.91,10.44,4.23,3.12,7.3,10.2,12.93,15.06,16.54,10.1
Z3-COM,4.4,4.96,12.02,15.49,19.32,22.47,24.61,2.08,1.5,4.17,5.64,7.82,9.03,10.69,4.24,3.0,7.0,10.25,13.01,15.01,16.69,10.16
Z4-COM,4.42,4.05,10.95,15.98,19.23,22.42,24.48,1.69,1.6,4.64,5.66,8.05,9.19,10.44,4.47,3.12,7.24,10.41,12.82,15.25,16.55,10.13
Z1-ELIT,3.82,5.01,12.55,15.58,19.26,22.24,24.48,1.6,1.53,4.3,5.65,7.75,8.93,10.39,3.94,2.75,6.85,10.13,13.1,15.15,16.44,10.07
Z2-ELIT,3.91,4.97,11.61,16.08,18.87,22.32,24.96,1.34,1.57,4.12,6.1,7.73,8.93,10.36,4.26,2.85,6.81,9.62,13.18,15.24,16.41,10.06
Z3-ELIT,5.21,5.08,10.89,15.07,19.28,22.05,24.76,1.72,1.63,4.1,5.62,7.67,8.96,10.36,4.83,2.92,7.12,9.98,13.18,15.09,16.41,10.09
Z4-ELIT,3.5,3.55,11.61,15.84,18.55,22.1,24.85,1.49,1.36,4.32,5.75,7.68,9.03,10.43,4.08,2.83,6.86,9.89,13.18,15.32,16.51,9.94
