MH,Data
PSO,5.864
PSO,5.892
PSO,5.88
PSO,5.85
PSO,5.873
PSO,6.068
PSO,6.215
PSO,6.356
PSO,9.514
PSO,9.533
PSO,9.593
PSO,5.859
PSO,5.913
PSO,5.937
PSO,6.098
PSO,6.239
PSO,8.312
PSO,8.396
PSO,5.838
PSO,16.095
PSO,16.306
PSO,16.249
PSO,16.383
PSO,7.06
PSO,16.763
PSO,5.908
PSO,5.995
PSO,6.06
PSO,6.193
PSO,16.453
PSO,16.475
PSO,7.379
PSO,6.079
PSO,6.136
PSO,6.516
PSO,6.36
PSO,5.912
PSO,6.065
PSO,6.486
PSO,6.933
PSO,6.202
PSO,6.666
PSO,6.363
PSO,6.532
PSO,6.06
PSO,6.038
PSO,6.333
PSO,6.435
PSO,16.736
PSO,15.23
PSO,6.203
PSO,7.03
PSO,16.239
PSO,16.358
PSO,6.461
PSO,16.723
PSO,7.907
PSO,6.403
PSO,6.305
PSO,6.2
PSO,7.857
PSO,16.94
PSO,7.258
PSO,7.342
PSO,9.008
PSO,7.214
PSO,7.121
PSO,7.311
PSO,7.229
PSO,7.769
PSO,7.488
PSO,7.311
PSO,7.03
PSO,7.888
PSO,7.135
PSO,7.241
PSO,7.259
PSO,18.793
PSO,18.242
PSO,18.37
PSO,18.667
PSO,7.593
PSO,9.036
PSO,6.869
PSO,19.408
PSO,18.782
PSO,7.124
PSO,7.561
PSO,7.408
PSO,7.219
PSO,7.263
PSO,7.272
PSO,18.914
PSO,7.093
PSO,6.887
PSO,7.576
PSO,7.428
PSO,7.483
PSO,7.309
PSO,7.245
PSO,7.288
PSO,8.09
PSO,6.987
PSO,7.402
PSO,7.487
PSO,7.451
PSO,7.364
PSO,18.724
PSO,18.23
PSO,7.279
PSO,18.386
PSO,7.176
PSO,18.657
PSO,7.786
PSO,19.454
PSO,18.781
PSO,7.486
PSO,7.038
PSO,7.462
PSO,7.462
PSO,7.402
PSO,7.315
PSO,18.95
PSO,18.706
PSO,4.515
PSO,5.01
PSO,4.874
PSO,4.62
PSO,4.662
PSO,4.45
PSO,7.952
PSO,4.498
PSO,4.507
PSO,4.465
PSO,4.671
PSO,10.883
PSO,4.717
PSO,10.964
PSO,5.171
PSO,4.939
PSO,4.514
PSO,4.468
PSO,11.399
PSO,11.283
PSO,4.503
PSO,5.162
PSO,4.58
PSO,4.703
PSO,4.502
PSO,4.634
PSO,4.358
PSO,11.428
PSO,11.101
PSO,10.921
PSO,10.923
PSO,4.486
PSO,4.492
PSO,4.402
PSO,4.821
PSO,4.673
PSO,4.612
PSO,4.584
PSO,4.456
PSO,4.437
PSO,4.496
PSO,4.444
PSO,4.654
PSO,4.746
PSO,4.652
PSO,4.576
PSO,11.257
PSO,11.405
PSO,4.469
PSO,4.45
PSO,4.474
PSO,4.473
PSO,4.571
PSO,4.715
PSO,4.701
PSO,4.587
PSO,4.518
PSO,10.978
PSO,11.451
PSO,11.094
PSO,10.9
PSO,10.989
PSO,5.466
PSO,5.443
PSO,5.465
PSO,5.498
PSO,5.627
PSO,5.679
PSO,5.64
PSO,5.519
PSO,6.061
PSO,5.446
PSO,5.49
PSO,5.506
PSO,5.552
PSO,5.676
PSO,13.212
PSO,13.272
PSO,5.219
PSO,6.26
PSO,5.573
PSO,5.679
PSO,5.505
PSO,5.479
PSO,5.505
PSO,12.849
PSO,5.653
PSO,11.272
PSO,6.042
PSO,13.321
PSO,12.732
PSO,12.912
PSO,13.198
PSO,5.248
PSO,6.244
PSO,5.606
PSO,7.529
PSO,5.803
PSO,5.499
PSO,5.608
PSO,5.274
PSO,5.824
PSO,5.254
PSO,5.532
PSO,13.296
PSO,5.486
PSO,5.447
PSO,5.289
PSO,5.555
PSO,5.424
PSO,5.626
PSO,9.996
PSO,5.25
PSO,12.857
PSO,6.597
PSO,5.485
PSO,5.351
PSO,13.296
PSO,5.463
PSO,12.77
PSO,12.918
PSO,12.866
PSO,13.194
PSO,13.287
PSO,3.49
PSO,3.41
PSO,3.093
PSO,3.988
PSO,3.103
PSO,3.688
PSO,3.3
PSO,3.22
PSO,3.398
PSO,3.268
PSO,3.288
PSO,3.09
PSO,3.104
PSO,3.795
PSO,3.438
PSO,3.257
PSO,3.322
PSO,8.154
PSO,3.317
PSO,3.279
PSO,3.163
PSO,3.104
PSO,3.528
PSO,3.575
PSO,3.552
PSO,8.415
PSO,3.297
PSO,3.11
PSO,8.266
PSO,8.191
PSO,8.17
PSO,3.418
PSO,3.139
PSO,3.117
PSO,3.405
PSO,3.573
PSO,4.611
PSO,3.564
PSO,3.119
PSO,3.807
PSO,3.119
PSO,3.385
PSO,3.113
PSO,3.502
PSO,3.356
PSO,3.434
PSO,3.603
PSO,3.118
PSO,8.421
PSO,3.178
PSO,8.601
PSO,3.293
PSO,3.113
PSO,3.462
PSO,3.415
PSO,8.367
PSO,8.443
PSO,8.212
PSO,3.408
PSO,8.151
PSO,3.535
PSO,8.191
PSO,4.092
PSO,4.496
PSO,4.25
PSO,4.358
PSO,4.106
PSO,4.399
PSO,4.374
PSO,4.469
PSO,5.109
PSO,4.096
PSO,4.347
PSO,7.052
PSO,4.311
PSO,4.109
PSO,4.385
PSO,4.403
PSO,10.343
PSO,10.414
PSO,4.858
PSO,10.043
PSO,4.096
PSO,10.395
PSO,4.66
PSO,9.998
PSO,4.148
PSO,4.145
PSO,4.463
PSO,4.104
PSO,4.393
PSO,10.072
PSO,10.102
PSO,5.048
PSO,4.105
PSO,4.744
PSO,4.379
PSO,4.352
PSO,4.148
PSO,4.116
PSO,4.437
PSO,4.801
PSO,4.85
PSO,4.103
PSO,10.375
PSO,4.532
PSO,4.36
PSO,10.471
PSO,4.152
PSO,4.115
PSO,4.401
PSO,10.095
PSO,4.65
PSO,10.433
PSO,10.015
PSO,4.833
PSO,4.38
PSO,4.381
PSO,4.42
PSO,4.363
PSO,10.074
PSO,10.138
PSO,10.363
PSO,10.576
PSO,5.491
PSO,5.506
PSO,6.043
PSO,6.25
PSO,5.993
PSO,6.02
PSO,5.593
PSO,5.836
PSO,6.563
PSO,5.482
PSO,5.841
PSO,6.188
PSO,6.104
PSO,6.016
PSO,9.798
PSO,5.957
PSO,6.127
PSO,6.292
PSO,15.521
PSO,5.481
PSO,15.435
PSO,6.097
PSO,15.762
PSO,6.143
PSO,6.085
PSO,6.049
PSO,5.874
PSO,16.064
PSO,11.148
PSO,16.096
PSO,16.743
PSO,4.249
PSO,5.022
PSO,4.393
PSO,5.054
PSO,5.529
PSO,4.824
PSO,4.484
PSO,4.671
PSO,4.549
PSO,5.057
PSO,4.425
PSO,5.388
PSO,4.882
PSO,5.238
PSO,4.621
PSO,12.12
PSO,4.674
PSO,4.723
PSO,12.125
PSO,4.501
PSO,12.561
PSO,4.575
PSO,4.344
PSO,5.129
PSO,4.569
PSO,4.708
PSO,12.175
PSO,4.651
PSO,12.536
PSO,12.245
PSO,12.945
PSO,6.471
PSO,6.421
PSO,6.374
PSO,6.031
PSO,7.102
PSO,6.306
PSO,6.217
PSO,6.319
PSO,7.331
PSO,6.204
PSO,6.201
PSO,5.941
PSO,6.742
PSO,6.566
PSO,6.253
PSO,6.278
PSO,16.413
PSO,16.677
PSO,6.952
PSO,16.784
PSO,6.612
PSO,6.222
PSO,5.923
PSO,6.539
PSO,16.248
PSO,6.637
PSO,6.376
PSO,6.273
PSO,16.68
PSO,16.649
PSO,17.372
PSO,6.803
PSO,6.853
PSO,6.087
PSO,6.475
PSO,7.146
PSO,6.124
PSO,6.573
PSO,6.421
PSO,6.721
PSO,6.833
PSO,9.616
PSO,6.995
PSO,6.082
PSO,6.844
PSO,7.038
PSO,16.909
PSO,6.062
PSO,16.786
PSO,6.613
PSO,17.258
PSO,6.789
PSO,6.23
PSO,6.767
PSO,6.467
PSO,7.036
PSO,6.423
PSO,6.286
PSO,17.24
PSO,16.148
PSO,17.292
PSO,17.923
PSO,3.847
PSO,4.495
PSO,4.174
PSO,4.352
PSO,4.147
PSO,4.435
PSO,4.469
PSO,3.996
PSO,3.854
PSO,3.842
PSO,9.97
PSO,4.304
PSO,9.993
PSO,4.203
PSO,3.84
PSO,10.087
PSO,3.896
PSO,4.239
PSO,4.145
PSO,3.826
PSO,4.063
PSO,7.214
PSO,4.219
PSO,4.853
PSO,4.06
PSO,10.148
PSO,5.466
PSO,10.278
PSO,10.432
PSO,10.298
PSO,10.369
PSO,2.786
PSO,3.12
PSO,2.778
PSO,2.987
PSO,2.766
PSO,3.318
PSO,2.589
PSO,3.008
PSO,2.579
PSO,2.717
PSO,2.735
PSO,3.076
PSO,3.056
PSO,2.96
PSO,2.812
PSO,3.318
PSO,7.199
PSO,3.055
PSO,2.804
PSO,7.212
PSO,2.912
PSO,2.999
PSO,2.918
PSO,2.772
PSO,2.861
PSO,2.664
PSO,2.923
PSO,6.93
PSO,6.658
PSO,6.911
PSO,6.844
PSO,4.294
PSO,4.457
PSO,4.494
PSO,4.559
PSO,4.622
PSO,4.566
PSO,4.481
PSO,4.544
PSO,5.58
PSO,4.294
PSO,4.535
PSO,5.201
PSO,4.599
PSO,4.597
PSO,4.499
PSO,4.52
PSO,4.445
PSO,11.052
PSO,11.158
PSO,11.11
PSO,4.294
PSO,5.43
PSO,11.071
PSO,4.51
PSO,4.349
PSO,4.3
PSO,4.522
PSO,4.514
PSO,10.829
PSO,11.169
PSO,11.233
PSO,4.546
PSO,5.878
PSO,4.4
PSO,4.653
PSO,4.501
PSO,4.399
PSO,4.881
PSO,4.662
PSO,5.347
PSO,5.367
PSO,4.399
PSO,4.403
PSO,11.265
PSO,4.562
PSO,4.396
PSO,11.728
PSO,4.741
PSO,4.746
PSO,11.673
PSO,5.076
PSO,4.626
PSO,11.367
PSO,4.399
PSO,4.402
PSO,5.603
PSO,4.671
PSO,4.402
PSO,11.231
PSO,11.765
PSO,11.641
PSO,11.216
PSO,4.287
PSO,4.52
PSO,4.268
PSO,3.916
PSO,4.71
PSO,3.918
PSO,4.564
PSO,3.918
PSO,3.951
PSO,4.4
PSO,4.354
PSO,10.415
PSO,4.545
PSO,3.912
PSO,4.217
PSO,10.241
PSO,4.339
PSO,4.186
PSO,10.3
PSO,4.25
PSO,4.396
PSO,3.935
PSO,4.493
PSO,7.849
PSO,3.916
PSO,4.419
PSO,10.268
PSO,4.5
PSO,10.465
PSO,10.457
PSO,10.754
PSO,2.993
PSO,3.137
PSO,2.871
PSO,3.826
PSO,2.916
PSO,3.068
PSO,2.881
PSO,3.042
PSO,3.034
PSO,2.801
PSO,2.663
PSO,3.301
PSO,7.282
PSO,3.056
PSO,7.107
PSO,7.133
PSO,2.809
PSO,2.672
PSO,2.846
PSO,2.892
PSO,2.916
PSO,2.833
PSO,3.277
PSO,3.375
PSO,7.165
PSO,3.132
PSO,3.057
PSO,7.258
PSO,7.251
PSO,7.113
PSO,7.144
PSO,4.641
PSO,4.811
PSO,4.757
PSO,4.491
PSO,4.833
PSO,5.066
PSO,4.713
PSO,4.372
PSO,5.451
PSO,4.547
PSO,4.561
PSO,4.641
PSO,4.38
PSO,4.971
PSO,4.656
PSO,4.505
PSO,5.213
PSO,11.313
PSO,11.465
PSO,4.895
PSO,11.037
PSO,4.554
PSO,4.602
PSO,4.475
PSO,4.75
PSO,4.799
PSO,11.328
PSO,4.559
PSO,11.313
PSO,11.276
PSO,11.268
PSO,5.022
PSO,5.141
PSO,4.804
PSO,4.666
PSO,4.646
PSO,4.754
PSO,4.875
PSO,4.795
PSO,4.934
PSO,5.094
PSO,4.94
PSO,4.718
PSO,4.653
PSO,4.709
PSO,11.41
PSO,4.828
PSO,4.822
PSO,11.956
PSO,11.459
PSO,4.898
PSO,5.025
PSO,5.19
PSO,4.803
PSO,4.504
PSO,11.893
PSO,4.679
PSO,4.789
PSO,11.871
PSO,11.583
PSO,11.527
PSO,11.551
PSO,6.295
PSO,6.364
PSO,6.676
PSO,6.568
PSO,5.954
PSO,5.944
PSO,6.429
PSO,6.194
PSO,7.214
PSO,5.962
PSO,6.973
PSO,6.31
PSO,5.951
PSO,6.796
PSO,5.933
PSO,6.28
PSO,6.848
PSO,16.365
PSO,17.478
PSO,7.058
PSO,5.946
PSO,16.723
PSO,7.105
PSO,5.952
PSO,6.613
PSO,5.91
PSO,5.936
PSO,15.597
PSO,17.03
PSO,16.823
PSO,16.462
PSO,6.648
PSO,6.982
PSO,5.949
PSO,7.087
PSO,5.963
PSO,6.225
PSO,6.199
PSO,5.934
PSO,6.674
PSO,6.854
PSO,9.783
PSO,5.949
PSO,7.058
PSO,6.446
PSO,6.261
PSO,5.938
PSO,16.354
PSO,6.523
PSO,6.788
PSO,17.468
PSO,6.767
PSO,5.946
PSO,6.333
PSO,16.782
PSO,6.67
PSO,6.413
PSO,16.991
PSO,16.785
PSO,6.422
PSO,16.482
PSO,16.364
PSO,6.951
PSO,7.695
PSO,7.78
PSO,7.498
PSO,6.967
PSO,7.604
PSO,7.492
PSO,7.438
PSO,6.944
PSO,8.232
PSO,7.743
PSO,7.591
PSO,6.959
PSO,7.569
PSO,18.285
PSO,7.536
PSO,7.46
PSO,6.944
PSO,7.936
PSO,19.504
PSO,7.921
PSO,18.789
PSO,7.656
PSO,7.219
PSO,7.313
PSO,18.861
PSO,18.956
PSO,7.562
PSO,18.598
PSO,18.44
PSO,18.316
PSO,7.492
PSO,7.766
PSO,6.955
PSO,7.933
PSO,7.772
PSO,7.396
PSO,7.277
PSO,7.481
PSO,7.527
PSO,7.675
PSO,6.949
PSO,7.87
PSO,7.834
PSO,7.977
PSO,7.315
PSO,6.985
PSO,7.019
PSO,8.109
PSO,18.886
PSO,19.577
PSO,6.966
PSO,7.787
PSO,7.85
PSO,18.903
PSO,19.048
PSO,16.085
PSO,7.129
PSO,8.713
PSO,8.254
PSO,18.563
PSO,18.351
PSO,4.315
PSO,4.29
PSO,4.273
PSO,4.457
PSO,5.027
PSO,5.244
PSO,5.301
PSO,4.288
PSO,4.713
PSO,4.29
PSO,4.835
PSO,4.572
PSO,4.519
PSO,5.19
PSO,4.31
PSO,11.326
PSO,11.462
PSO,4.937
PSO,4.276
PSO,9.004
PSO,4.288
PSO,4.819
PSO,4.698
PSO,11.085
PSO,4.502
PSO,11.497
PSO,4.766
PSO,4.88
PSO,11.252
PSO,11.159
PSO,11.508
PSO,4.479
PSO,4.73
PSO,4.837
PSO,4.511
PSO,4.936
PSO,4.754
PSO,5.446
PSO,4.744
PSO,4.585
PSO,4.278
PSO,4.588
PSO,4.316
PSO,4.691
PSO,4.604
PSO,4.983
PSO,11.597
PSO,4.891
PSO,11.202
PSO,4.644
PSO,4.309
PSO,11.127
PSO,4.581
PSO,4.31
PSO,4.686
PSO,11.635
PSO,4.616
PSO,4.847
PSO,6.797
PSO,4.926
PSO,11.068
PSO,11.34
PSO,5.729
PSO,5.629
PSO,5.651
PSO,5.288
PSO,5.597
PSO,5.737
PSO,5.619
PSO,5.5
PSO,6.37
PSO,10.267
PSO,5.649
PSO,5.283
PSO,5.636
PSO,5.604
PSO,13.341
PSO,5.688
PSO,12.873
PSO,5.7
PSO,12.796
PSO,13.336
PSO,6.41
PSO,5.739
PSO,5.449
PSO,5.256
PSO,5.274
PSO,12.964
PSO,5.607
PSO,5.662
PSO,10.165
PSO,13.308
PSO,13.375
PSO,5.719
PSO,6.403
PSO,5.598
PSO,5.265
PSO,5.682
PSO,5.486
PSO,7.672
PSO,5.654
PSO,5.707
PSO,5.366
PSO,6.282
PSO,12.989
PSO,12.827
PSO,5.268
PSO,5.7
PSO,5.545
PSO,5.451
PSO,13.457
PSO,5.427
PSO,5.678
PSO,5.496
PSO,6.661
PSO,13.053
PSO,13.267
PSO,5.921
PSO,5.27
PSO,5.612
PSO,13.215
PSO,13.37
PSO,12.876
PSO,12.833
PSO,3.408
PSO,3.341
PSO,3.473
PSO,3.406
PSO,4.119
PSO,3.592
PSO,3.365
PSO,3.424
PSO,3.279
PSO,3.317
PSO,3.173
PSO,3.624
PSO,3.398
PSO,8.639
PSO,3.793
PSO,5.416
PSO,3.443
PSO,3.523
PSO,3.34
PSO,3.189
PSO,3.507
PSO,8.372
PSO,3.466
PSO,3.64
PSO,3.357
PSO,5.06
PSO,3.393
PSO,3.497
PSO,3.287
PSO,8.56
PSO,8.618
PSO,3.49
PSO,3.481
PSO,3.584
PSO,3.462
PSO,3.256
PSO,3.28
PSO,3.457
PSO,3.366
PSO,3.481
PSO,7.099
PSO,3.486
PSO,3.549
PSO,3.504
PSO,3.34
PSO,3.277
PSO,3.392
PSO,8.291
PSO,8.366
PSO,8.341
PSO,8.676
PSO,3.437
PSO,3.958
PSO,3.486
PSO,3.537
PSO,3.518
PSO,3.402
PSO,3.297
PSO,3.348
PSO,8.55
PSO,8.282
PSO,8.546
PSO,4.602
PSO,4.29
PSO,4.308
PSO,4.472
PSO,4.484
PSO,4.426
PSO,4.299
PSO,4.358
PSO,5.065
PSO,4.407
PSO,4.306
PSO,4.402
PSO,4.48
PSO,10.162
PSO,10.215
PSO,10.184
PSO,4.449
PSO,10.566
PSO,4.383
PSO,4.155
PSO,5.121
PSO,4.668
PSO,4.349
PSO,4.366
PSO,4.459
PSO,4.454
PSO,10.48
PSO,10.458
PSO,10.451
PSO,10.157
PSO,10.225
PSO,4.421
PSO,4.254
PSO,4.356
PSO,4.864
PSO,4.492
PSO,4.362
PSO,4.428
PSO,4.456
PSO,4.451
PSO,4.319
PSO,4.315
PSO,4.668
PSO,10.222
PSO,4.646
PSO,10.58
PSO,4.414
PSO,4.406
PSO,4.444
PSO,4.457
PSO,4.365
PSO,4.319
PSO,4.525
PSO,4.645
PSO,4.507
PSO,10.517
PSO,10.446
PSO,10.585
PSO,10.237
PSO,10.26
PSO,10.226
PSO,10.572
PSO,5.775
PSO,5.756
PSO,5.739
PSO,5.761
PSO,5.766
PSO,6.158
PSO,5.521
PSO,5.924
PSO,6.645
PSO,6.028
PSO,5.75
PSO,5.493
PSO,5.982
PSO,6.614
PSO,5.515
PSO,6.317
PSO,8.151
PSO,7.198
PSO,6.246
PSO,5.509
PSO,5.491
PSO,6.173
PSO,5.517
PSO,6.234
PSO,7.551
PSO,15.753
PSO,15.819
PSO,15.437
PSO,15.392
PSO,15.924
PSO,16.381
PSO,5.73
PSO,5.97
PSO,6.465
PSO,5.522
PSO,5.796
PSO,6.217
PSO,5.534
PSO,11.104
PSO,6.369
PSO,6.413
PSO,5.503
PSO,5.633
PSO,6.065
PSO,6.279
PSO,5.858
PSO,6.14
PSO,5.937
PSO,7.186
PSO,6.029
PSO,6.373
PSO,5.773
PSO,6.0
PSO,12.144
PSO,5.795
PSO,5.83
PSO,15.863
PSO,16.002
PSO,15.57
PSO,16.091
PSO,15.942
PSO,16.593
PSO,5.85
PSO,5.932
PSO,6.988
PSO,6.069
PSO,5.919
PSO,5.555
PSO,5.855
PSO,5.826
PSO,5.86
PSO,5.884
PSO,6.625
PSO,5.649
PSO,6.369
PSO,5.692
PSO,5.759
PSO,5.831
PSO,5.85
PSO,5.864
PSO,6.359
PSO,15.74
PSO,5.988
PSO,6.114
PSO,5.943
PSO,5.736
PSO,5.796
PSO,15.697
PSO,15.823
PSO,15.447
PSO,15.896
PSO,15.751
PSO,16.419
PSO,5.86
PSO,5.867
PSO,6.185
PSO,6.135
PSO,6.121
PSO,6.018
PSO,5.84
PSO,5.779
PSO,5.843
PSO,5.858
PSO,6.078
PSO,5.549
PSO,6.753
PSO,6.01
PSO,5.904
PSO,5.781
PSO,5.822
PSO,5.85
PSO,5.995
PSO,15.804
PSO,6.622
PSO,5.818
PSO,6.471
PSO,6.157
PSO,6.002
PSO,15.91
PSO,15.964
PSO,15.621
PSO,16.06
PSO,15.941
PSO,16.535
PSO,4.243
PSO,4.381
PSO,4.404
PSO,4.793
PSO,4.168
PSO,4.304
PSO,3.895
PSO,4.14
PSO,4.129
PSO,3.825
PSO,4.098
PSO,4.175
PSO,4.376
PSO,4.252
PSO,4.067
PSO,4.079
PSO,10.336
PSO,4.132
PSO,3.967
PSO,4.017
PSO,4.124
PSO,4.312
PSO,4.27
PSO,4.141
PSO,4.046
PSO,10.177
PSO,4.091
PSO,10.225
PSO,10.038
PSO,10.014
PSO,10.17
PSO,4.04
PSO,3.974
PSO,4.078
PSO,4.271
PSO,4.272
PSO,6.477
PSO,4.232
PSO,4.079
PSO,4.115
PSO,4.088
PSO,4.191
PSO,4.465
PSO,4.254
PSO,4.162
PSO,3.918
PSO,4.11
PSO,10.215
PSO,4.105
PSO,4.079
PSO,4.123
PSO,4.171
PSO,4.297
PSO,4.226
PSO,10.214
PSO,3.993
PSO,4.058
PSO,10.186
PSO,10.181
PSO,10.038
PSO,10.052
PSO,10.236
PSO,4.153
PSO,4.089
PSO,4.136
PSO,4.184
PSO,4.255
PSO,4.295
PSO,4.064
PSO,4.059
PSO,4.425
PSO,4.069
PSO,3.822
PSO,4.148
PSO,4.204
PSO,4.287
PSO,6.474
PSO,10.255
PSO,4.13
PSO,4.091
PSO,4.266
PSO,3.906
PSO,4.328
PSO,10.217
PSO,4.218
PSO,5.713
PSO,4.284
PSO,10.145
PSO,4.053
PSO,3.98
PSO,10.018
PSO,10.079
PSO,10.174
PSO,4.178
PSO,4.078
PSO,4.168
PSO,4.263
PSO,4.217
PSO,3.933
PSO,4.128
PSO,4.032
PSO,4.338
PSO,4.135
PSO,4.106
PSO,4.242
PSO,9.971
PSO,10.254
PSO,4.24
PSO,4.068
PSO,4.086
PSO,4.086
PSO,4.194
PSO,4.229
PSO,10.247
PSO,4.094
PSO,4.216
PSO,10.215
PSO,4.219
PSO,10.018
PSO,4.135
PSO,6.328
PSO,10.022
PSO,10.194
PSO,10.278
PSO,4.117
PSO,4.112
PSO,4.194
PSO,4.302
PSO,4.191
PSO,4.25
PSO,4.265
PSO,5.697
PSO,4.194
PSO,4.141
PSO,4.194
PSO,3.958
PSO,4.223
PSO,4.605
PSO,4.271
PSO,4.059
PSO,4.025
PSO,4.183
PSO,10.506
PSO,4.302
PSO,10.565
PSO,4.586
PSO,4.281
PSO,10.459
PSO,4.682
PSO,4.564
PSO,10.525
PSO,4.319
PSO,10.408
PSO,10.578
PSO,10.657
PSO,4.28
PSO,4.349
PSO,4.321
PSO,4.376
PSO,4.241
PSO,4.366
PSO,4.391
PSO,4.238
PSO,4.138
PSO,4.097
PSO,4.123
PSO,4.281
PSO,4.248
PSO,4.286
PSO,4.358
PSO,10.541
PSO,4.322
PSO,4.16
PSO,4.092
PSO,10.442
PSO,4.139
PSO,10.383
PSO,4.233
PSO,4.247
PSO,4.294
PSO,10.408
PSO,4.359
PSO,10.332
PSO,4.357
PSO,10.4
PSO,10.513
PSO,4.221
PSO,4.165
PSO,4.155
PSO,4.174
PSO,4.226
PSO,4.289
PSO,4.344
PSO,3.944
PSO,3.957
PSO,4.194
PSO,4.125
PSO,4.132
PSO,4.287
PSO,4.299
PSO,10.471
PSO,4.738
PSO,10.382
PSO,10.294
PSO,3.974
PSO,4.403
PSO,9.536
PSO,4.13
PSO,4.137
PSO,4.164
PSO,10.413
PSO,10.266
PSO,4.214
PSO,4.877
PSO,3.935
PSO,10.531
PSO,10.424
PSO,4.545
PSO,3.954
PSO,4.216
PSO,4.117
PSO,4.163
PSO,4.491
PSO,4.319
PSO,3.962
PSO,4.975
PSO,5.656
PSO,3.994
PSO,4.532
PSO,3.957
PSO,4.351
PSO,4.101
PSO,10.455
PSO,10.339
PSO,3.93
PSO,4.754
PSO,10.41
PSO,4.287
PSO,4.024
PSO,4.317
PSO,10.311
PSO,3.925
PSO,4.538
PSO,8.733
PSO,4.231
PSO,4.474
PSO,10.594
PSO,10.642
GWO,6.069
GWO,6.582
GWO,6.215
GWO,6.263
GWO,6.782
GWO,6.397
GWO,6.54
GWO,6.731
GWO,8.159
GWO,6.278
GWO,6.721
GWO,7.2
GWO,6.401
GWO,6.612
GWO,6.276
GWO,6.926
GWO,16.631
GWO,17.162
GWO,16.855
GWO,7.607
GWO,17.072
GWO,6.287
GWO,16.961
GWO,7.153
GWO,7.293
GWO,6.354
GWO,6.38
GWO,7.081
GWO,7.682
GWO,17.882
GWO,17.064
GWO,6.724
GWO,6.505
GWO,6.296
GWO,7.351
GWO,6.378
GWO,6.665
GWO,6.446
GWO,6.322
GWO,6.297
GWO,7.135
GWO,6.307
GWO,7.843
GWO,16.706
GWO,6.674
GWO,6.33
GWO,17.179
GWO,6.248
GWO,16.977
GWO,7.143
GWO,6.314
GWO,17.267
GWO,6.844
GWO,17.149
GWO,6.913
GWO,6.945
GWO,7.124
GWO,6.524
GWO,6.421
GWO,17.701
GWO,17.195
GWO,16.664
GWO,7.809
GWO,7.373
GWO,7.45
GWO,7.84
GWO,7.902
GWO,8.03
GWO,7.765
GWO,7.42
GWO,8.263
GWO,7.69
GWO,7.653
GWO,7.718
GWO,7.643
GWO,7.762
GWO,19.619
GWO,19.264
GWO,7.646
GWO,7.34
GWO,7.736
GWO,19.416
GWO,19.302
GWO,7.892
GWO,7.71
GWO,7.678
GWO,7.831
GWO,7.936
GWO,7.908
GWO,20.172
GWO,19.339
GWO,19.129
GWO,19.619
GWO,7.686
GWO,7.81
GWO,7.901
GWO,7.602
GWO,7.456
GWO,7.568
GWO,7.779
GWO,7.926
GWO,7.784
GWO,7.763
GWO,7.878
GWO,7.902
GWO,7.71
GWO,7.745
GWO,19.341
GWO,7.855
GWO,7.828
GWO,19.511
GWO,19.324
GWO,7.682
GWO,7.769
GWO,7.267
GWO,7.916
GWO,8.906
GWO,7.729
GWO,7.26
GWO,19.63
GWO,20.339
GWO,19.096
GWO,19.48
GWO,19.793
GWO,5.169
GWO,5.197
GWO,5.088
GWO,6.561
GWO,5.503
GWO,4.525
GWO,4.759
GWO,5.505
GWO,5.145
GWO,4.606
GWO,5.195
GWO,6.06
GWO,5.203
GWO,11.143
GWO,5.172
GWO,4.454
GWO,4.756
GWO,4.405
GWO,7.029
GWO,4.38
GWO,5.067
GWO,4.966
GWO,5.306
GWO,4.515
GWO,5.076
GWO,4.624
GWO,4.955
GWO,11.303
GWO,11.448
GWO,11.059
GWO,10.987
GWO,4.83
GWO,4.614
GWO,5.243
GWO,5.769
GWO,5.245
GWO,4.469
GWO,4.436
GWO,4.411
GWO,4.67
GWO,4.396
GWO,4.869
GWO,11.106
GWO,5.414
GWO,5.07
GWO,4.609
GWO,4.658
GWO,5.431
GWO,4.638
GWO,4.62
GWO,5.021
GWO,5.36
GWO,11.197
GWO,11.456
GWO,5.352
GWO,4.614
GWO,11.472
GWO,5.298
GWO,11.614
GWO,11.239
GWO,11.178
GWO,11.283
GWO,5.663
GWO,5.779
GWO,6.04
GWO,5.61
GWO,6.205
GWO,6.287
GWO,5.591
GWO,5.665
GWO,5.941
GWO,7.653
GWO,5.687
GWO,5.61
GWO,8.89
GWO,6.085
GWO,5.695
GWO,6.188
GWO,13.842
GWO,6.974
GWO,5.657
GWO,14.006
GWO,5.675
GWO,5.604
GWO,5.701
GWO,13.849
GWO,5.63
GWO,6.199
GWO,14.016
GWO,13.455
GWO,7.573
GWO,9.008
GWO,13.603
GWO,5.637
GWO,5.638
GWO,6.283
GWO,5.62
GWO,6.09
GWO,5.639
GWO,6.827
GWO,5.844
GWO,5.821
GWO,9.057
GWO,5.48
GWO,5.395
GWO,5.396
GWO,5.419
GWO,13.606
GWO,6.316
GWO,13.764
GWO,6.044
GWO,5.6
GWO,13.692
GWO,5.825
GWO,14.045
GWO,6.274
GWO,13.455
GWO,5.613
GWO,5.613
GWO,13.594
GWO,6.926
GWO,5.638
GWO,13.338
GWO,13.503
GWO,4.706
GWO,4.255
GWO,4.181
GWO,4.322
GWO,4.156
GWO,3.727
GWO,4.443
GWO,3.768
GWO,3.754
GWO,4.188
GWO,3.861
GWO,4.136
GWO,9.445
GWO,4.194
GWO,9.407
GWO,4.313
GWO,3.734
GWO,9.374
GWO,3.89
GWO,3.75
GWO,4.026
GWO,8.994
GWO,3.863
GWO,4.294
GWO,9.084
GWO,4.165
GWO,4.261
GWO,9.05
GWO,4.057
GWO,9.399
GWO,9.395
GWO,3.737
GWO,3.975
GWO,3.766
GWO,4.174
GWO,3.894
GWO,4.239
GWO,4.233
GWO,4.296
GWO,3.956
GWO,4.245
GWO,3.986
GWO,4.575
GWO,4.22
GWO,4.096
GWO,9.565
GWO,9.181
GWO,4.451
GWO,9.373
GWO,9.24
GWO,4.385
GWO,3.732
GWO,4.144
GWO,3.888
GWO,4.091
GWO,9.287
GWO,3.891
GWO,3.938
GWO,4.298
GWO,9.416
GWO,9.425
GWO,9.533
GWO,5.414
GWO,5.261
GWO,5.351
GWO,5.185
GWO,5.224
GWO,5.174
GWO,5.138
GWO,5.347
GWO,6.04
GWO,5.154
GWO,4.807
GWO,5.202
GWO,11.687
GWO,5.215
GWO,5.19
GWO,11.917
GWO,5.157
GWO,11.674
GWO,5.247
GWO,5.753
GWO,11.726
GWO,5.679
GWO,4.909
GWO,5.282
GWO,5.068
GWO,5.047
GWO,5.139
GWO,11.954
GWO,11.99
GWO,12.153
GWO,11.566
GWO,5.209
GWO,5.56
GWO,6.351
GWO,6.072
GWO,4.985
GWO,5.29
GWO,5.22
GWO,5.125
GWO,5.008
GWO,5.2
GWO,5.166
GWO,11.737
GWO,5.205
GWO,4.751
GWO,5.387
GWO,11.567
GWO,10.86
GWO,5.018
GWO,5.008
GWO,4.975
GWO,5.577
GWO,5.182
GWO,4.735
GWO,5.366
GWO,11.843
GWO,5.377
GWO,11.844
GWO,11.973
GWO,11.578
GWO,9.262
GWO,11.773
GWO,6.844
GWO,6.831
GWO,6.824
GWO,7.193
GWO,6.799
GWO,6.63
GWO,8.133
GWO,6.542
GWO,8.815
GWO,6.643
GWO,6.687
GWO,6.836
GWO,6.832
GWO,6.669
GWO,7.591
GWO,17.138
GWO,6.65
GWO,9.734
GWO,8.682
GWO,6.867
GWO,6.987
GWO,7.319
GWO,17.236
GWO,6.6
GWO,7.46
GWO,17.358
GWO,7.946
GWO,10.627
GWO,17.917
GWO,17.448
GWO,17.156
GWO,4.948
GWO,5.387
GWO,6.288
GWO,5.223
GWO,5.782
GWO,4.949
GWO,4.907
GWO,5.701
GWO,5.129
GWO,12.353
GWO,5.215
GWO,5.058
GWO,5.915
GWO,5.751
GWO,5.077
GWO,5.393
GWO,5.106
GWO,12.867
GWO,5.585
GWO,5.408
GWO,12.848
GWO,5.349
GWO,5.698
GWO,12.707
GWO,5.074
GWO,4.841
GWO,5.373
GWO,13.311
GWO,12.716
GWO,12.615
GWO,12.338
GWO,6.637
GWO,7.551
GWO,7.031
GWO,6.927
GWO,7.098
GWO,6.978
GWO,7.013
GWO,6.62
GWO,8.094
GWO,7.081
GWO,7.24
GWO,7.008
GWO,7.252
GWO,7.214
GWO,7.216
GWO,6.935
GWO,17.592
GWO,8.42
GWO,7.084
GWO,17.752
GWO,17.578
GWO,7.402
GWO,7.261
GWO,7.262
GWO,7.236
GWO,7.259
GWO,17.828
GWO,18.46
GWO,17.577
GWO,8.086
GWO,17.593
GWO,7.124
GWO,7.432
GWO,8.136
GWO,7.668
GWO,7.56
GWO,7.466
GWO,7.352
GWO,6.913
GWO,7.866
GWO,8.247
GWO,7.231
GWO,8.039
GWO,7.377
GWO,6.942
GWO,18.753
GWO,7.394
GWO,7.612
GWO,6.933
GWO,18.634
GWO,18.715
GWO,8.111
GWO,7.313
GWO,8.32
GWO,18.567
GWO,7.41
GWO,18.43
GWO,7.315
GWO,19.307
GWO,7.849
GWO,18.272
GWO,11.482
GWO,5.453
GWO,5.64
GWO,6.22
GWO,5.671
GWO,5.178
GWO,5.45
GWO,4.986
GWO,5.161
GWO,5.555
GWO,5.06
GWO,5.053
GWO,11.743
GWO,6.48
GWO,11.741
GWO,4.926
GWO,6.659
GWO,4.939
GWO,4.898
GWO,5.217
GWO,5.124
GWO,5.03
GWO,11.657
GWO,11.672
GWO,5.908
GWO,11.865
GWO,6.977
GWO,11.641
GWO,5.134
GWO,11.575
GWO,11.636
GWO,11.554
GWO,3.505
GWO,3.612
GWO,3.705
GWO,3.599
GWO,3.294
GWO,3.797
GWO,3.452
GWO,3.217
GWO,3.331
GWO,3.445
GWO,3.486
GWO,3.278
GWO,3.387
GWO,3.58
GWO,7.187
GWO,3.605
GWO,7.275
GWO,3.275
GWO,3.513
GWO,3.205
GWO,3.471
GWO,7.458
GWO,3.397
GWO,3.556
GWO,7.282
GWO,3.723
GWO,4.198
GWO,3.767
GWO,7.539
GWO,7.717
GWO,7.609
GWO,5.169
GWO,5.221
GWO,5.193
GWO,5.575
GWO,5.493
GWO,5.54
GWO,5.748
GWO,5.337
GWO,8.571
GWO,6.367
GWO,5.206
GWO,5.194
GWO,5.316
GWO,5.156
GWO,5.402
GWO,12.092
GWO,5.297
GWO,12.177
GWO,11.938
GWO,5.387
GWO,5.276
GWO,5.505
GWO,4.994
GWO,5.703
GWO,5.542
GWO,5.389
GWO,12.181
GWO,5.55
GWO,11.832
GWO,11.856
GWO,11.936
GWO,5.891
GWO,5.882
GWO,5.951
GWO,5.746
GWO,5.831
GWO,5.891
GWO,5.371
GWO,5.798
GWO,5.885
GWO,5.688
GWO,5.693
GWO,13.101
GWO,5.622
GWO,12.699
GWO,13.237
GWO,5.566
GWO,5.726
GWO,5.551
GWO,5.614
GWO,5.874
GWO,5.956
GWO,13.002
GWO,5.884
GWO,5.877
GWO,12.837
GWO,5.789
GWO,12.982
GWO,13.114
GWO,12.904
GWO,13.246
GWO,13.456
GWO,5.384
GWO,5.391
GWO,5.342
GWO,5.489
GWO,5.647
GWO,5.472
GWO,5.419
GWO,5.391
GWO,5.068
GWO,5.426
GWO,5.348
GWO,5.396
GWO,5.466
GWO,5.257
GWO,5.249
GWO,5.166
GWO,4.967
GWO,5.047
GWO,11.835
GWO,5.146
GWO,5.173
GWO,11.799
GWO,5.285
GWO,11.758
GWO,11.782
GWO,5.275
GWO,5.284
GWO,5.163
GWO,11.725
GWO,11.884
GWO,11.975
GWO,3.537
GWO,3.46
GWO,3.621
GWO,3.637
GWO,4.115
GWO,3.89
GWO,3.6
GWO,3.721
GWO,3.668
GWO,3.703
GWO,3.593
GWO,3.757
GWO,3.687
GWO,4.089
GWO,7.655
GWO,7.624
GWO,3.57
GWO,3.446
GWO,3.469
GWO,7.687
GWO,7.731
GWO,3.449
GWO,3.419
GWO,3.461
GWO,3.532
GWO,3.896
GWO,3.931
GWO,7.488
GWO,7.613
GWO,7.615
GWO,7.713
GWO,5.445
GWO,5.49
GWO,5.447
GWO,5.441
GWO,5.57
GWO,5.495
GWO,5.556
GWO,5.494
GWO,6.346
GWO,5.249
GWO,5.225
GWO,5.217
GWO,5.369
GWO,5.097
GWO,5.937
GWO,12.258
GWO,12.128
GWO,5.055
GWO,12.141
GWO,6.145
GWO,5.727
GWO,5.221
GWO,5.219
GWO,5.305
GWO,5.105
GWO,5.613
GWO,5.475
GWO,11.408
GWO,12.017
GWO,12.032
GWO,12.164
GWO,5.363
GWO,7.019
GWO,7.343
GWO,5.61
GWO,5.768
GWO,5.589
GWO,6.073
GWO,5.593
GWO,6.107
GWO,6.292
GWO,5.493
GWO,13.203
GWO,13.522
GWO,10.1
GWO,6.396
GWO,5.45
GWO,5.774
GWO,13.381
GWO,6.062
GWO,5.913
GWO,6.21
GWO,5.593
GWO,6.346
GWO,13.116
GWO,5.639
GWO,13.169
GWO,5.828
GWO,13.374
GWO,12.137
GWO,13.238
GWO,13.485
GWO,6.77
GWO,6.547
GWO,6.544
GWO,6.812
GWO,6.103
GWO,7.221
GWO,6.288
GWO,6.236
GWO,6.917
GWO,6.447
GWO,6.635
GWO,6.716
GWO,6.139
GWO,7.587
GWO,6.83
GWO,6.473
GWO,6.614
GWO,16.957
GWO,6.84
GWO,7.271
GWO,11.602
GWO,6.897
GWO,16.615
GWO,6.263
GWO,7.326
GWO,16.883
GWO,16.984
GWO,7.332
GWO,8.579
GWO,17.112
GWO,17.946
GWO,6.574
GWO,7.024
GWO,7.108
GWO,6.428
GWO,6.328
GWO,6.312
GWO,7.541
GWO,6.483
GWO,9.84
GWO,6.832
GWO,6.851
GWO,6.69
GWO,6.333
GWO,6.36
GWO,8.075
GWO,17.028
GWO,6.831
GWO,6.431
GWO,6.544
GWO,6.846
GWO,16.812
GWO,6.965
GWO,17.011
GWO,6.33
GWO,16.937
GWO,7.343
GWO,6.407
GWO,7.414
GWO,16.864
GWO,16.739
GWO,17.555
GWO,7.581
GWO,7.498
GWO,8.438
GWO,7.939
GWO,7.348
GWO,8.608
GWO,7.417
GWO,7.333
GWO,8.269
GWO,7.095
GWO,8.098
GWO,7.212
GWO,8.091
GWO,7.091
GWO,19.056
GWO,7.254
GWO,7.136
GWO,8.91
GWO,18.872
GWO,19.183
GWO,7.067
GWO,8.17
GWO,19.149
GWO,7.536
GWO,7.78
GWO,7.123
GWO,7.576
GWO,18.845
GWO,18.776
GWO,19.753
GWO,18.916
GWO,7.133
GWO,8.295
GWO,8.51
GWO,7.115
GWO,7.75
GWO,7.7
GWO,7.639
GWO,7.121
GWO,8.061
GWO,7.149
GWO,8.408
GWO,7.078
GWO,8.002
GWO,7.699
GWO,7.658
GWO,7.143
GWO,18.723
GWO,7.934
GWO,7.246
GWO,19.329
GWO,8.502
GWO,19.231
GWO,8.372
GWO,7.325
GWO,19.114
GWO,8.002
GWO,7.917
GWO,7.951
GWO,18.993
GWO,19.939
GWO,19.274
GWO,5.152
GWO,4.528
GWO,5.666
GWO,5.536
GWO,4.439
GWO,4.847
GWO,4.497
GWO,4.456
GWO,4.858
GWO,4.642
GWO,5.035
GWO,11.174
GWO,4.775
GWO,10.894
GWO,4.999
GWO,4.569
GWO,11.228
GWO,4.534
GWO,5.435
GWO,4.67
GWO,4.941
GWO,5.09
GWO,11.176
GWO,5.094
GWO,5.409
GWO,4.694
GWO,5.197
GWO,11.279
GWO,11.197
GWO,11.534
GWO,11.083
GWO,4.655
GWO,4.958
GWO,4.442
GWO,4.792
GWO,4.858
GWO,5.049
GWO,4.458
GWO,5.058
GWO,6.419
GWO,4.483
GWO,4.941
GWO,4.846
GWO,11.295
GWO,4.84
GWO,4.998
GWO,6.379
GWO,4.678
GWO,4.696
GWO,5.195
GWO,4.667
GWO,11.419
GWO,5.729
GWO,5.064
GWO,5.138
GWO,11.178
GWO,4.686
GWO,10.015
GWO,11.092
GWO,10.966
GWO,11.408
GWO,11.407
GWO,5.458
GWO,6.675
GWO,5.495
GWO,5.798
GWO,5.456
GWO,6.176
GWO,5.884
GWO,6.549
GWO,6.88
GWO,5.67
GWO,5.654
GWO,5.708
GWO,5.682
GWO,6.903
GWO,6.295
GWO,5.739
GWO,13.843
GWO,6.067
GWO,5.679
GWO,5.655
GWO,6.638
GWO,13.685
GWO,13.98
GWO,6.406
GWO,6.897
GWO,5.826
GWO,5.856
GWO,13.635
GWO,13.613
GWO,14.185
GWO,13.889
GWO,6.732
GWO,6.415
GWO,5.68
GWO,5.672
GWO,5.786
GWO,5.733
GWO,6.03
GWO,6.173
GWO,6.272
GWO,6.292
GWO,5.508
GWO,5.466
GWO,5.436
GWO,13.811
GWO,6.639
GWO,5.908
GWO,13.724
GWO,5.935
GWO,6.661
GWO,13.371
GWO,6.421
GWO,6.045
GWO,5.679
GWO,5.659
GWO,13.409
GWO,6.597
GWO,13.37
GWO,5.546
GWO,13.869
GWO,13.732
GWO,13.804
GWO,4.501
GWO,4.097
GWO,4.104
GWO,4.342
GWO,4.007
GWO,4.03
GWO,4.737
GWO,4.408
GWO,4.079
GWO,4.492
GWO,4.322
GWO,9.546
GWO,4.453
GWO,9.514
GWO,3.887
GWO,4.596
GWO,3.81
GWO,4.34
GWO,4.03
GWO,4.039
GWO,9.423
GWO,4.175
GWO,4.329
GWO,9.499
GWO,4.563
GWO,4.271
GWO,4.063
GWO,9.914
GWO,4.609
GWO,9.714
GWO,9.531
GWO,4.352
GWO,4.227
GWO,4.327
GWO,4.362
GWO,4.32
GWO,3.907
GWO,3.817
GWO,4.211
GWO,4.211
GWO,4.043
GWO,9.206
GWO,7.8
GWO,4.056
GWO,4.119
GWO,4.222
GWO,9.282
GWO,4.062
GWO,3.929
GWO,9.258
GWO,4.444
GWO,4.342
GWO,4.045
GWO,4.249
GWO,4.323
GWO,9.513
GWO,4.405
GWO,9.434
GWO,4.338
GWO,6.187
GWO,9.45
GWO,9.349
GWO,5.233
GWO,5.324
GWO,5.146
GWO,4.941
GWO,5.049
GWO,5.129
GWO,5.139
GWO,6.893
GWO,4.973
GWO,5.141
GWO,6.595
GWO,5.172
GWO,11.574
GWO,5.048
GWO,11.406
GWO,5.094
GWO,5.894
GWO,5.137
GWO,5.224
GWO,11.782
GWO,5.896
GWO,11.674
GWO,4.853
GWO,4.897
GWO,6.889
GWO,5.106
GWO,11.875
GWO,11.722
GWO,11.535
GWO,11.658
GWO,11.576
GWO,5.41
GWO,5.114
GWO,5.396
GWO,5.659
GWO,5.496
GWO,5.275
GWO,5.041
GWO,5.031
GWO,5.898
GWO,4.875
GWO,5.053
GWO,5.359
GWO,5.338
GWO,5.295
GWO,5.076
GWO,4.99
GWO,5.747
GWO,12.167
GWO,12.028
GWO,5.44
GWO,5.183
GWO,5.464
GWO,5.561
GWO,12.008
GWO,11.734
GWO,5.454
GWO,5.122
GWO,5.332
GWO,11.772
GWO,11.93
GWO,11.842
GWO,6.404
GWO,6.931
GWO,6.666
GWO,6.689
GWO,6.859
GWO,6.836
GWO,6.651
GWO,6.742
GWO,6.225
GWO,7.847
GWO,6.756
GWO,6.705
GWO,6.774
GWO,6.85
GWO,6.715
GWO,6.865
GWO,16.743
GWO,17.394
GWO,7.321
GWO,6.687
GWO,7.146
GWO,16.734
GWO,16.62
GWO,6.759
GWO,6.734
GWO,6.83
GWO,6.766
GWO,6.887
GWO,16.478
GWO,16.67
GWO,16.979
GWO,7.012
GWO,6.794
GWO,6.902
GWO,6.915
GWO,6.715
GWO,6.791
GWO,6.79
GWO,6.719
GWO,6.827
GWO,6.852
GWO,6.831
GWO,6.935
GWO,6.765
GWO,6.751
GWO,16.64
GWO,8.779
GWO,6.794
GWO,17.219
GWO,6.825
GWO,16.555
GWO,16.518
GWO,7.293
GWO,6.85
GWO,6.81
GWO,7.417
GWO,6.755
GWO,6.415
GWO,16.311
GWO,12.972
GWO,16.914
GWO,16.604
GWO,6.721
GWO,7.265
GWO,6.413
GWO,6.123
GWO,6.394
GWO,6.973
GWO,6.561
GWO,6.606
GWO,6.926
GWO,6.61
GWO,13.4
GWO,7.591
GWO,6.343
GWO,7.709
GWO,6.175
GWO,17.201
GWO,6.375
GWO,6.37
GWO,16.524
GWO,16.468
GWO,6.576
GWO,6.355
GWO,7.177
GWO,6.338
GWO,7.665
GWO,16.354
GWO,6.392
GWO,7.178
GWO,16.904
GWO,16.458
GWO,16.768
GWO,6.593
GWO,6.78
GWO,6.9
GWO,7.195
GWO,7.546
GWO,6.353
GWO,7.09
GWO,6.692
GWO,6.956
GWO,6.712
GWO,6.853
GWO,6.862
GWO,7.322
GWO,17.395
GWO,6.361
GWO,16.72
GWO,16.707
GWO,7.274
GWO,6.822
GWO,6.89
GWO,6.935
GWO,6.734
GWO,6.799
GWO,16.524
GWO,7.13
GWO,6.362
GWO,7.302
GWO,16.881
GWO,13.299
GWO,16.579
GWO,17.336
GWO,5.255
GWO,5.127
GWO,4.961
GWO,4.609
GWO,4.844
GWO,5.081
GWO,4.988
GWO,4.763
GWO,4.478
GWO,10.804
GWO,4.659
GWO,10.827
GWO,5.057
GWO,5.202
GWO,6.153
GWO,6.698
GWO,5.244
GWO,4.679
GWO,5.085
GWO,10.708
GWO,4.752
GWO,5.116
GWO,4.719
GWO,5.11
GWO,10.998
GWO,4.682
GWO,4.834
GWO,4.783
GWO,10.209
GWO,10.976
GWO,10.958
GWO,5.081
GWO,4.896
GWO,5.109
GWO,4.67
GWO,5.742
GWO,4.731
GWO,4.47
GWO,4.724
GWO,4.747
GWO,4.74
GWO,4.806
GWO,10.79
GWO,4.563
GWO,5.287
GWO,10.678
GWO,5.099
GWO,4.52
GWO,10.695
GWO,4.943
GWO,4.478
GWO,4.732
GWO,4.779
GWO,10.654
GWO,5.075
GWO,4.568
GWO,9.593
GWO,5.169
GWO,10.756
GWO,10.868
GWO,10.802
GWO,10.681
GWO,4.777
GWO,4.777
GWO,4.703
GWO,5.248
GWO,4.698
GWO,5.125
GWO,4.784
GWO,4.923
GWO,5.168
GWO,5.167
GWO,9.642
GWO,4.487
GWO,4.832
GWO,4.478
GWO,10.928
GWO,5.422
GWO,4.795
GWO,5.016
GWO,10.991
GWO,5.072
GWO,5.185
GWO,5.117
GWO,4.719
GWO,4.702
GWO,5.402
GWO,10.817
GWO,10.877
GWO,10.972
GWO,10.899
GWO,11.019
GWO,11.08
GWO,5.273
GWO,4.578
GWO,4.844
GWO,5.102
GWO,5.153
GWO,4.719
GWO,5.29
GWO,4.712
GWO,5.337
GWO,5.003
GWO,4.969
GWO,5.117
GWO,4.968
GWO,10.858
GWO,4.5
GWO,5.0
GWO,4.521
GWO,4.715
GWO,5.009
GWO,4.81
GWO,6.071
GWO,11.005
GWO,11.023
GWO,5.126
GWO,4.74
GWO,8.368
GWO,4.801
GWO,10.828
GWO,10.764
GWO,10.891
GWO,10.825
GWO,4.758
GWO,4.551
GWO,4.656
GWO,4.712
GWO,4.959
GWO,4.751
GWO,4.775
GWO,4.757
GWO,4.972
GWO,4.545
GWO,11.126
GWO,5.775
GWO,4.834
GWO,5.085
GWO,5.074
GWO,4.988
GWO,4.977
GWO,11.011
GWO,5.104
GWO,11.039
GWO,5.649
GWO,4.771
GWO,5.455
GWO,4.686
GWO,11.007
GWO,4.873
GWO,10.958
GWO,4.794
GWO,11.127
GWO,11.035
GWO,11.09
GWO,4.763
GWO,4.839
GWO,5.204
GWO,4.557
GWO,5.329
GWO,4.659
GWO,5.057
GWO,4.822
GWO,4.769
GWO,4.806
GWO,5.054
GWO,5.285
GWO,4.569
GWO,10.839
GWO,10.917
GWO,5.173
GWO,4.666
GWO,4.936
GWO,4.956
GWO,5.018
GWO,5.158
GWO,10.997
GWO,6.185
GWO,10.957
GWO,4.812
GWO,5.412
GWO,11.134
GWO,11.021
GWO,11.236
GWO,11.191
GWO,11.244
GWO,5.083
GWO,5.02
GWO,5.02
GWO,4.849
GWO,4.892
GWO,4.861
GWO,5.397
GWO,5.434
GWO,5.22
GWO,4.816
GWO,5.058
GWO,5.063
GWO,5.095
GWO,5.031
GWO,5.096
GWO,5.351
GWO,11.208
GWO,11.169
GWO,5.049
GWO,4.824
GWO,5.393
GWO,5.055
GWO,5.09
GWO,5.05
GWO,5.134
GWO,11.352
GWO,5.322
GWO,11.225
GWO,11.086
GWO,11.025
GWO,11.043
GWO,5.046
GWO,5.023
GWO,4.604
GWO,4.974
GWO,4.868
GWO,4.844
GWO,4.873
GWO,5.025
GWO,5.053
GWO,5.014
GWO,4.6
GWO,5.0
GWO,10.862
GWO,10.859
GWO,4.982
GWO,5.056
GWO,5.078
GWO,5.183
GWO,5.26
GWO,5.263
GWO,7.866
GWO,11.183
GWO,5.225
GWO,4.825
GWO,11.043
GWO,5.166
GWO,6.784
GWO,11.017
GWO,11.102
GWO,11.015
GWO,10.987
