Exp,MH,TF,DR,Family,Data
PSO_S1-STD,PSO,S1,STD,S,9147.0
PSO_S1-STD,PSO,S1,STD,S,9147.0
PSO_S1-STD,PSO,S1,STD,S,9147.0
PSO_S1-STD,PSO,S1,STD,S,9147.0
PSO_S1-STD,PSO,S1,STD,S,9147.0
PSO_S1-STD,PSO,S1,STD,S,9147.0
PSO_S1-STD,PSO,S1,STD,S,9147.0
PSO_S1-STD,PSO,S1,STD,S,9147.0
PSO_S1-STD,PSO,S1,STD,S,9147.0
PSO_S1-STD,PSO,S1,STD,S,9147.0
PSO_S1-STD,PSO,S1,STD,S,9147.0
PSO_S1-STD,PSO,S1,STD,S,9147.0
PSO_S1-STD,PSO,S1,STD,S,9147.0
PSO_S1-STD,PSO,S1,STD,S,9147.0
PSO_S1-STD,PSO,S1,STD,S,9147.0
PSO_S1-STD,PSO,S1,STD,S,9147.0
PSO_S1-STD,PSO,S1,STD,S,9147.0
PSO_S1-STD,PSO,S1,STD,S,9147.0
PSO_S1-STD,PSO,S1,STD,S,9147.0
PSO_S1-STD,PSO,S1,STD,S,9147.0
PSO_S1-STD,PSO,S1,STD,S,9147.0
PSO_S1-STD,PSO,S1,STD,S,9147.0
PSO_S1-STD,PSO,S1,STD,S,9147.0
PSO_S1-STD,PSO,S1,STD,S,9147.0
PSO_S1-STD,PSO,S1,STD,S,9147.0
PSO_S1-STD,PSO,S1,STD,S,9147.0
PSO_S1-STD,PSO,S1,STD,S,9147.0
PSO_S1-STD,PSO,S1,STD,S,9147.0
PSO_S1-STD,PSO,S1,STD,S,9147.0
PSO_S1-STD,PSO,S1,STD,S,9147.0
PSO_S1-STD,PSO,S1,STD,S,9147.0
PSO_S2-STD,PSO,S2,STD,S,9147.0
PSO_S2-STD,PSO,S2,STD,S,9147.0
PSO_S2-STD,PSO,S2,STD,S,9147.0
PSO_S2-STD,PSO,S2,STD,S,9147.0
PSO_S2-STD,PSO,S2,STD,S,9147.0
PSO_S2-STD,PSO,S2,STD,S,9147.0
PSO_S2-STD,PSO,S2,STD,S,9147.0
PSO_S2-STD,PSO,S2,STD,S,9147.0
PSO_S2-STD,PSO,S2,STD,S,9147.0
PSO_S2-STD,PSO,S2,STD,S,9147.0
PSO_S2-STD,PSO,S2,STD,S,9147.0
PSO_S2-STD,PSO,S2,STD,S,9147.0
PSO_S2-STD,PSO,S2,STD,S,9147.0
PSO_S2-STD,PSO,S2,STD,S,9147.0
PSO_S2-STD,PSO,S2,STD,S,9147.0
PSO_S2-STD,PSO,S2,STD,S,9147.0
PSO_S2-STD,PSO,S2,STD,S,9147.0
PSO_S2-STD,PSO,S2,STD,S,9147.0
PSO_S2-STD,PSO,S2,STD,S,9147.0
PSO_S2-STD,PSO,S2,STD,S,9147.0
PSO_S2-STD,PSO,S2,STD,S,9147.0
PSO_S2-STD,PSO,S2,STD,S,9147.0
PSO_S2-STD,PSO,S2,STD,S,9147.0
PSO_S2-STD,PSO,S2,STD,S,9147.0
PSO_S2-STD,PSO,S2,STD,S,9147.0
PSO_S2-STD,PSO,S2,STD,S,9147.0
PSO_S2-STD,PSO,S2,STD,S,9147.0
PSO_S2-STD,PSO,S2,STD,S,9147.0
PSO_S2-STD,PSO,S2,STD,S,9147.0
PSO_S2-STD,PSO,S2,STD,S,9147.0
PSO_S2-STD,PSO,S2,STD,S,9147.0
PSO_S3-STD,PSO,S3,STD,S,9147.0
PSO_S3-STD,PSO,S3,STD,S,9147.0
PSO_S3-STD,PSO,S3,STD,S,9147.0
PSO_S3-STD,PSO,S3,STD,S,9147.0
PSO_S3-STD,PSO,S3,STD,S,9147.0
PSO_S3-STD,PSO,S3,STD,S,9147.0
PSO_S3-STD,PSO,S3,STD,S,9147.0
PSO_S3-STD,PSO,S3,STD,S,9147.0
PSO_S3-STD,PSO,S3,STD,S,9147.0
PSO_S3-STD,PSO,S3,STD,S,9147.0
PSO_S3-STD,PSO,S3,STD,S,9147.0
PSO_S3-STD,PSO,S3,STD,S,9147.0
PSO_S3-STD,PSO,S3,STD,S,9147.0
PSO_S3-STD,PSO,S3,STD,S,9147.0
PSO_S3-STD,PSO,S3,STD,S,9147.0
PSO_S3-STD,PSO,S3,STD,S,9147.0
PSO_S3-STD,PSO,S3,STD,S,9147.0
PSO_S3-STD,PSO,S3,STD,S,9147.0
PSO_S3-STD,PSO,S3,STD,S,9147.0
PSO_S3-STD,PSO,S3,STD,S,9147.0
PSO_S3-STD,PSO,S3,STD,S,9147.0
PSO_S3-STD,PSO,S3,STD,S,9147.0
PSO_S3-STD,PSO,S3,STD,S,9147.0
PSO_S3-STD,PSO,S3,STD,S,9147.0
PSO_S3-STD,PSO,S3,STD,S,9147.0
PSO_S3-STD,PSO,S3,STD,S,9147.0
PSO_S3-STD,PSO,S3,STD,S,9147.0
PSO_S3-STD,PSO,S3,STD,S,9147.0
PSO_S3-STD,PSO,S3,STD,S,9147.0
PSO_S3-STD,PSO,S3,STD,S,9147.0
PSO_S3-STD,PSO,S3,STD,S,9147.0
PSO_S4-STD,PSO,S4,STD,S,9147.0
PSO_S4-STD,PSO,S4,STD,S,9147.0
PSO_S4-STD,PSO,S4,STD,S,9147.0
PSO_S4-STD,PSO,S4,STD,S,9147.0
PSO_S4-STD,PSO,S4,STD,S,9147.0
PSO_S4-STD,PSO,S4,STD,S,9147.0
PSO_S4-STD,PSO,S4,STD,S,9147.0
PSO_S4-STD,PSO,S4,STD,S,9147.0
PSO_S4-STD,PSO,S4,STD,S,9147.0
PSO_S4-STD,PSO,S4,STD,S,9147.0
PSO_S4-STD,PSO,S4,STD,S,9147.0
PSO_S4-STD,PSO,S4,STD,S,9147.0
PSO_S4-STD,PSO,S4,STD,S,9147.0
PSO_S4-STD,PSO,S4,STD,S,9147.0
PSO_S4-STD,PSO,S4,STD,S,9147.0
PSO_S4-STD,PSO,S4,STD,S,9147.0
PSO_S4-STD,PSO,S4,STD,S,9147.0
PSO_S4-STD,PSO,S4,STD,S,9147.0
PSO_S4-STD,PSO,S4,STD,S,9147.0
PSO_S4-STD,PSO,S4,STD,S,9147.0
PSO_S4-STD,PSO,S4,STD,S,9147.0
PSO_S4-STD,PSO,S4,STD,S,9147.0
PSO_S4-STD,PSO,S4,STD,S,9147.0
PSO_S4-STD,PSO,S4,STD,S,9147.0
PSO_S4-STD,PSO,S4,STD,S,9147.0
PSO_S4-STD,PSO,S4,STD,S,9147.0
PSO_S4-STD,PSO,S4,STD,S,9147.0
PSO_S4-STD,PSO,S4,STD,S,9147.0
PSO_S4-STD,PSO,S4,STD,S,9147.0
PSO_S4-STD,PSO,S4,STD,S,9147.0
PSO_S4-STD,PSO,S4,STD,S,9147.0
PSO_S1-COM,PSO,S1,COM,S,9147.0
PSO_S1-COM,PSO,S1,COM,S,9147.0
PSO_S1-COM,PSO,S1,COM,S,9147.0
PSO_S1-COM,PSO,S1,COM,S,9147.0
PSO_S1-COM,PSO,S1,COM,S,9147.0
PSO_S1-COM,PSO,S1,COM,S,9147.0
PSO_S1-COM,PSO,S1,COM,S,9147.0
PSO_S1-COM,PSO,S1,COM,S,9147.0
PSO_S1-COM,PSO,S1,COM,S,9147.0
PSO_S1-COM,PSO,S1,COM,S,9147.0
PSO_S1-COM,PSO,S1,COM,S,9147.0
PSO_S1-COM,PSO,S1,COM,S,9147.0
PSO_S1-COM,PSO,S1,COM,S,9147.0
PSO_S1-COM,PSO,S1,COM,S,9147.0
PSO_S1-COM,PSO,S1,COM,S,9147.0
PSO_S1-COM,PSO,S1,COM,S,9147.0
PSO_S1-COM,PSO,S1,COM,S,9147.0
PSO_S1-COM,PSO,S1,COM,S,9147.0
PSO_S1-COM,PSO,S1,COM,S,9147.0
PSO_S1-COM,PSO,S1,COM,S,9147.0
PSO_S1-COM,PSO,S1,COM,S,9147.0
PSO_S1-COM,PSO,S1,COM,S,9147.0
PSO_S1-COM,PSO,S1,COM,S,9147.0
PSO_S1-COM,PSO,S1,COM,S,9147.0
PSO_S1-COM,PSO,S1,COM,S,9147.0
PSO_S1-COM,PSO,S1,COM,S,9147.0
PSO_S1-COM,PSO,S1,COM,S,9147.0
PSO_S1-COM,PSO,S1,COM,S,9147.0
PSO_S1-COM,PSO,S1,COM,S,9147.0
PSO_S1-COM,PSO,S1,COM,S,9147.0
PSO_S1-COM,PSO,S1,COM,S,9147.0
PSO_S2-COM,PSO,S2,COM,S,9147.0
PSO_S2-COM,PSO,S2,COM,S,9147.0
PSO_S2-COM,PSO,S2,COM,S,9147.0
PSO_S2-COM,PSO,S2,COM,S,9147.0
PSO_S2-COM,PSO,S2,COM,S,9147.0
PSO_S2-COM,PSO,S2,COM,S,9147.0
PSO_S2-COM,PSO,S2,COM,S,9147.0
PSO_S2-COM,PSO,S2,COM,S,9147.0
PSO_S2-COM,PSO,S2,COM,S,9147.0
PSO_S2-COM,PSO,S2,COM,S,9147.0
PSO_S2-COM,PSO,S2,COM,S,9147.0
PSO_S2-COM,PSO,S2,COM,S,9147.0
PSO_S2-COM,PSO,S2,COM,S,9147.0
PSO_S2-COM,PSO,S2,COM,S,9147.0
PSO_S2-COM,PSO,S2,COM,S,9147.0
PSO_S2-COM,PSO,S2,COM,S,9147.0
PSO_S2-COM,PSO,S2,COM,S,9147.0
PSO_S2-COM,PSO,S2,COM,S,9147.0
PSO_S2-COM,PSO,S2,COM,S,9147.0
PSO_S2-COM,PSO,S2,COM,S,9147.0
PSO_S2-COM,PSO,S2,COM,S,9147.0
PSO_S2-COM,PSO,S2,COM,S,9147.0
PSO_S2-COM,PSO,S2,COM,S,9147.0
PSO_S2-COM,PSO,S2,COM,S,9147.0
PSO_S2-COM,PSO,S2,COM,S,9147.0
PSO_S2-COM,PSO,S2,COM,S,9147.0
PSO_S2-COM,PSO,S2,COM,S,9147.0
PSO_S2-COM,PSO,S2,COM,S,9147.0
PSO_S2-COM,PSO,S2,COM,S,9147.0
PSO_S2-COM,PSO,S2,COM,S,9147.0
PSO_S2-COM,PSO,S2,COM,S,9147.0
PSO_S3-COM,PSO,S3,COM,S,9147.0
PSO_S3-COM,PSO,S3,COM,S,9147.0
PSO_S3-COM,PSO,S3,COM,S,9147.0
PSO_S3-COM,PSO,S3,COM,S,9147.0
PSO_S3-COM,PSO,S3,COM,S,9147.0
PSO_S3-COM,PSO,S3,COM,S,9147.0
PSO_S3-COM,PSO,S3,COM,S,9147.0
PSO_S3-COM,PSO,S3,COM,S,9147.0
PSO_S3-COM,PSO,S3,COM,S,9147.0
PSO_S3-COM,PSO,S3,COM,S,9147.0
PSO_S3-COM,PSO,S3,COM,S,9147.0
PSO_S3-COM,PSO,S3,COM,S,9147.0
PSO_S3-COM,PSO,S3,COM,S,9147.0
PSO_S3-COM,PSO,S3,COM,S,9147.0
PSO_S3-COM,PSO,S3,COM,S,9147.0
PSO_S3-COM,PSO,S3,COM,S,9147.0
PSO_S3-COM,PSO,S3,COM,S,9147.0
PSO_S3-COM,PSO,S3,COM,S,9147.0
PSO_S3-COM,PSO,S3,COM,S,9147.0
PSO_S3-COM,PSO,S3,COM,S,9147.0
PSO_S3-COM,PSO,S3,COM,S,9147.0
PSO_S3-COM,PSO,S3,COM,S,9147.0
PSO_S3-COM,PSO,S3,COM,S,9147.0
PSO_S3-COM,PSO,S3,COM,S,9147.0
PSO_S3-COM,PSO,S3,COM,S,9147.0
PSO_S3-COM,PSO,S3,COM,S,9147.0
PSO_S3-COM,PSO,S3,COM,S,9147.0
PSO_S3-COM,PSO,S3,COM,S,9147.0
PSO_S3-COM,PSO,S3,COM,S,9147.0
PSO_S3-COM,PSO,S3,COM,S,9147.0
PSO_S3-COM,PSO,S3,COM,S,9147.0
PSO_S4-COM,PSO,S4,COM,S,9147.0
PSO_S4-COM,PSO,S4,COM,S,9147.0
PSO_S4-COM,PSO,S4,COM,S,9147.0
PSO_S4-COM,PSO,S4,COM,S,9147.0
PSO_S4-COM,PSO,S4,COM,S,9147.0
PSO_S4-COM,PSO,S4,COM,S,9147.0
PSO_S4-COM,PSO,S4,COM,S,9147.0
PSO_S4-COM,PSO,S4,COM,S,9147.0
PSO_S4-COM,PSO,S4,COM,S,9147.0
PSO_S4-COM,PSO,S4,COM,S,9147.0
PSO_S4-COM,PSO,S4,COM,S,9147.0
PSO_S4-COM,PSO,S4,COM,S,9147.0
PSO_S4-COM,PSO,S4,COM,S,9147.0
PSO_S4-COM,PSO,S4,COM,S,9147.0
PSO_S4-COM,PSO,S4,COM,S,9147.0
PSO_S4-COM,PSO,S4,COM,S,9147.0
PSO_S4-COM,PSO,S4,COM,S,9147.0
PSO_S4-COM,PSO,S4,COM,S,9147.0
PSO_S4-COM,PSO,S4,COM,S,9147.0
PSO_S4-COM,PSO,S4,COM,S,9147.0
PSO_S4-COM,PSO,S4,COM,S,9147.0
PSO_S4-COM,PSO,S4,COM,S,9147.0
PSO_S4-COM,PSO,S4,COM,S,9147.0
PSO_S4-COM,PSO,S4,COM,S,9147.0
PSO_S4-COM,PSO,S4,COM,S,9147.0
PSO_S4-COM,PSO,S4,COM,S,9147.0
PSO_S4-COM,PSO,S4,COM,S,9147.0
PSO_S4-COM,PSO,S4,COM,S,9147.0
PSO_S4-COM,PSO,S4,COM,S,9147.0
PSO_S4-COM,PSO,S4,COM,S,9147.0
PSO_S4-COM,PSO,S4,COM,S,9147.0
PSO_S1-ELIT,PSO,S1,ELIT,S,8911.0
PSO_S1-ELIT,PSO,S1,ELIT,S,8788.0
PSO_S1-ELIT,PSO,S1,ELIT,S,8756.0
PSO_S1-ELIT,PSO,S1,ELIT,S,8911.0
PSO_S1-ELIT,PSO,S1,ELIT,S,8569.0
PSO_S1-ELIT,PSO,S1,ELIT,S,8799.0
PSO_S1-ELIT,PSO,S1,ELIT,S,8911.0
PSO_S1-ELIT,PSO,S1,ELIT,S,8990.0
PSO_S1-ELIT,PSO,S1,ELIT,S,8686.0
PSO_S1-ELIT,PSO,S1,ELIT,S,8911.0
PSO_S1-ELIT,PSO,S1,ELIT,S,8842.0
PSO_S1-ELIT,PSO,S1,ELIT,S,8660.0
PSO_S1-ELIT,PSO,S1,ELIT,S,8783.0
PSO_S1-ELIT,PSO,S1,ELIT,S,8713.0
PSO_S1-ELIT,PSO,S1,ELIT,S,8709.0
PSO_S1-ELIT,PSO,S1,ELIT,S,8512.0
PSO_S1-ELIT,PSO,S1,ELIT,S,8788.0
PSO_S1-ELIT,PSO,S1,ELIT,S,8719.0
PSO_S1-ELIT,PSO,S1,ELIT,S,8799.0
PSO_S1-ELIT,PSO,S1,ELIT,S,8586.0
PSO_S1-ELIT,PSO,S1,ELIT,S,8756.0
PSO_S1-ELIT,PSO,S1,ELIT,S,8911.0
PSO_S1-ELIT,PSO,S1,ELIT,S,8940.0
PSO_S1-ELIT,PSO,S1,ELIT,S,8342.0
PSO_S1-ELIT,PSO,S1,ELIT,S,8173.0
PSO_S1-ELIT,PSO,S1,ELIT,S,8817.0
PSO_S1-ELIT,PSO,S1,ELIT,S,8478.0
PSO_S1-ELIT,PSO,S1,ELIT,S,8751.0
PSO_S1-ELIT,PSO,S1,ELIT,S,9147.0
PSO_S1-ELIT,PSO,S1,ELIT,S,8842.0
PSO_S1-ELIT,PSO,S1,ELIT,S,8569.0
PSO_S2-ELIT,PSO,S2,ELIT,S,7968.0
PSO_S2-ELIT,PSO,S2,ELIT,S,8781.0
PSO_S2-ELIT,PSO,S2,ELIT,S,8692.0
PSO_S2-ELIT,PSO,S2,ELIT,S,9147.0
PSO_S2-ELIT,PSO,S2,ELIT,S,8929.0
PSO_S2-ELIT,PSO,S2,ELIT,S,8392.0
PSO_S2-ELIT,PSO,S2,ELIT,S,8719.0
PSO_S2-ELIT,PSO,S2,ELIT,S,8911.0
PSO_S2-ELIT,PSO,S2,ELIT,S,8709.0
PSO_S2-ELIT,PSO,S2,ELIT,S,8817.0
PSO_S2-ELIT,PSO,S2,ELIT,S,8579.0
PSO_S2-ELIT,PSO,S2,ELIT,S,8940.0
PSO_S2-ELIT,PSO,S2,ELIT,S,8658.0
PSO_S2-ELIT,PSO,S2,ELIT,S,8751.0
PSO_S2-ELIT,PSO,S2,ELIT,S,8478.0
PSO_S2-ELIT,PSO,S2,ELIT,S,9147.0
PSO_S2-ELIT,PSO,S2,ELIT,S,8557.0
PSO_S2-ELIT,PSO,S2,ELIT,S,8817.0
PSO_S2-ELIT,PSO,S2,ELIT,S,8557.0
PSO_S2-ELIT,PSO,S2,ELIT,S,8525.0
PSO_S2-ELIT,PSO,S2,ELIT,S,8751.0
PSO_S2-ELIT,PSO,S2,ELIT,S,8658.0
PSO_S2-ELIT,PSO,S2,ELIT,S,8512.0
PSO_S2-ELIT,PSO,S2,ELIT,S,8810.0
PSO_S2-ELIT,PSO,S2,ELIT,S,8783.0
PSO_S2-ELIT,PSO,S2,ELIT,S,9147.0
PSO_S2-ELIT,PSO,S2,ELIT,S,9147.0
PSO_S2-ELIT,PSO,S2,ELIT,S,8940.0
PSO_S2-ELIT,PSO,S2,ELIT,S,9147.0
PSO_S2-ELIT,PSO,S2,ELIT,S,8810.0
PSO_S2-ELIT,PSO,S2,ELIT,S,8810.0
PSO_S3-ELIT,PSO,S3,ELIT,S,8657.0
PSO_S3-ELIT,PSO,S3,ELIT,S,8530.0
PSO_S3-ELIT,PSO,S3,ELIT,S,8416.0
PSO_S3-ELIT,PSO,S3,ELIT,S,8817.0
PSO_S3-ELIT,PSO,S3,ELIT,S,8660.0
PSO_S3-ELIT,PSO,S3,ELIT,S,9147.0
PSO_S3-ELIT,PSO,S3,ELIT,S,8990.0
PSO_S3-ELIT,PSO,S3,ELIT,S,8586.0
PSO_S3-ELIT,PSO,S3,ELIT,S,8842.0
PSO_S3-ELIT,PSO,S3,ELIT,S,8842.0
PSO_S3-ELIT,PSO,S3,ELIT,S,8719.0
PSO_S3-ELIT,PSO,S3,ELIT,S,8808.0
PSO_S3-ELIT,PSO,S3,ELIT,S,8451.0
PSO_S3-ELIT,PSO,S3,ELIT,S,8940.0
PSO_S3-ELIT,PSO,S3,ELIT,S,8911.0
PSO_S3-ELIT,PSO,S3,ELIT,S,8783.0
PSO_S3-ELIT,PSO,S3,ELIT,S,8781.0
PSO_S3-ELIT,PSO,S3,ELIT,S,9147.0
PSO_S3-ELIT,PSO,S3,ELIT,S,8653.0
PSO_S3-ELIT,PSO,S3,ELIT,S,8940.0
PSO_S3-ELIT,PSO,S3,ELIT,S,8254.0
PSO_S3-ELIT,PSO,S3,ELIT,S,8490.0
PSO_S3-ELIT,PSO,S3,ELIT,S,7976.0
PSO_S3-ELIT,PSO,S3,ELIT,S,8817.0
PSO_S3-ELIT,PSO,S3,ELIT,S,8842.0
PSO_S3-ELIT,PSO,S3,ELIT,S,8507.0
PSO_S3-ELIT,PSO,S3,ELIT,S,9147.0
PSO_S3-ELIT,PSO,S3,ELIT,S,8781.0
PSO_S3-ELIT,PSO,S3,ELIT,S,8842.0
PSO_S3-ELIT,PSO,S3,ELIT,S,8929.0
PSO_S3-ELIT,PSO,S3,ELIT,S,8657.0
PSO_S4-ELIT,PSO,S4,ELIT,S,8990.0
PSO_S4-ELIT,PSO,S4,ELIT,S,8940.0
PSO_S4-ELIT,PSO,S4,ELIT,S,8810.0
PSO_S4-ELIT,PSO,S4,ELIT,S,8442.0
PSO_S4-ELIT,PSO,S4,ELIT,S,8842.0
PSO_S4-ELIT,PSO,S4,ELIT,S,8788.0
PSO_S4-ELIT,PSO,S4,ELIT,S,8569.0
PSO_S4-ELIT,PSO,S4,ELIT,S,8398.0
PSO_S4-ELIT,PSO,S4,ELIT,S,8709.0
PSO_S4-ELIT,PSO,S4,ELIT,S,8781.0
PSO_S4-ELIT,PSO,S4,ELIT,S,8449.0
PSO_S4-ELIT,PSO,S4,ELIT,S,8911.0
PSO_S4-ELIT,PSO,S4,ELIT,S,8940.0
PSO_S4-ELIT,PSO,S4,ELIT,S,8360.0
PSO_S4-ELIT,PSO,S4,ELIT,S,8586.0
PSO_S4-ELIT,PSO,S4,ELIT,S,8940.0
PSO_S4-ELIT,PSO,S4,ELIT,S,9147.0
PSO_S4-ELIT,PSO,S4,ELIT,S,8653.0
PSO_S4-ELIT,PSO,S4,ELIT,S,8423.0
PSO_S4-ELIT,PSO,S4,ELIT,S,8842.0
PSO_S4-ELIT,PSO,S4,ELIT,S,8382.0
PSO_S4-ELIT,PSO,S4,ELIT,S,9147.0
PSO_S4-ELIT,PSO,S4,ELIT,S,8817.0
PSO_S4-ELIT,PSO,S4,ELIT,S,8686.0
PSO_S4-ELIT,PSO,S4,ELIT,S,8781.0
PSO_S4-ELIT,PSO,S4,ELIT,S,8557.0
PSO_S4-ELIT,PSO,S4,ELIT,S,8719.0
PSO_S4-ELIT,PSO,S4,ELIT,S,9147.0
PSO_S4-ELIT,PSO,S4,ELIT,S,8808.0
PSO_S4-ELIT,PSO,S4,ELIT,S,9147.0
PSO_S4-ELIT,PSO,S4,ELIT,S,8990.0
PSO_V1-STD,PSO,V1,STD,V,8990.0
PSO_V1-STD,PSO,V1,STD,V,9147.0
PSO_V1-STD,PSO,V1,STD,V,9147.0
PSO_V1-STD,PSO,V1,STD,V,9147.0
PSO_V1-STD,PSO,V1,STD,V,8719.0
PSO_V1-STD,PSO,V1,STD,V,9147.0
PSO_V1-STD,PSO,V1,STD,V,9147.0
PSO_V1-STD,PSO,V1,STD,V,9147.0
PSO_V1-STD,PSO,V1,STD,V,9147.0
PSO_V1-STD,PSO,V1,STD,V,9147.0
PSO_V1-STD,PSO,V1,STD,V,9147.0
PSO_V1-STD,PSO,V1,STD,V,9147.0
PSO_V1-STD,PSO,V1,STD,V,8929.0
PSO_V1-STD,PSO,V1,STD,V,8788.0
PSO_V1-STD,PSO,V1,STD,V,8940.0
PSO_V1-STD,PSO,V1,STD,V,9147.0
PSO_V1-STD,PSO,V1,STD,V,8940.0
PSO_V1-STD,PSO,V1,STD,V,9147.0
PSO_V1-STD,PSO,V1,STD,V,8940.0
PSO_V1-STD,PSO,V1,STD,V,9147.0
PSO_V1-STD,PSO,V1,STD,V,9147.0
PSO_V1-STD,PSO,V1,STD,V,8940.0
PSO_V1-STD,PSO,V1,STD,V,8929.0
PSO_V1-STD,PSO,V1,STD,V,9147.0
PSO_V1-STD,PSO,V1,STD,V,9147.0
PSO_V1-STD,PSO,V1,STD,V,8940.0
PSO_V1-STD,PSO,V1,STD,V,8929.0
PSO_V1-STD,PSO,V1,STD,V,9147.0
PSO_V1-STD,PSO,V1,STD,V,8817.0
PSO_V1-STD,PSO,V1,STD,V,9147.0
PSO_V1-STD,PSO,V1,STD,V,9147.0
PSO_V2-STD,PSO,V2,STD,V,9147.0
PSO_V2-STD,PSO,V2,STD,V,9147.0
PSO_V2-STD,PSO,V2,STD,V,8940.0
PSO_V2-STD,PSO,V2,STD,V,9147.0
PSO_V2-STD,PSO,V2,STD,V,8929.0
PSO_V2-STD,PSO,V2,STD,V,9147.0
PSO_V2-STD,PSO,V2,STD,V,9147.0
PSO_V2-STD,PSO,V2,STD,V,9147.0
PSO_V2-STD,PSO,V2,STD,V,9147.0
PSO_V2-STD,PSO,V2,STD,V,9147.0
PSO_V2-STD,PSO,V2,STD,V,9147.0
PSO_V2-STD,PSO,V2,STD,V,9147.0
PSO_V2-STD,PSO,V2,STD,V,8929.0
PSO_V2-STD,PSO,V2,STD,V,9147.0
PSO_V2-STD,PSO,V2,STD,V,9147.0
PSO_V2-STD,PSO,V2,STD,V,9147.0
PSO_V2-STD,PSO,V2,STD,V,9147.0
PSO_V2-STD,PSO,V2,STD,V,9147.0
PSO_V2-STD,PSO,V2,STD,V,9147.0
PSO_V2-STD,PSO,V2,STD,V,8990.0
PSO_V2-STD,PSO,V2,STD,V,9147.0
PSO_V2-STD,PSO,V2,STD,V,9147.0
PSO_V2-STD,PSO,V2,STD,V,8940.0
PSO_V2-STD,PSO,V2,STD,V,8940.0
PSO_V2-STD,PSO,V2,STD,V,8929.0
PSO_V2-STD,PSO,V2,STD,V,9147.0
PSO_V2-STD,PSO,V2,STD,V,9147.0
PSO_V2-STD,PSO,V2,STD,V,9147.0
PSO_V2-STD,PSO,V2,STD,V,8929.0
PSO_V2-STD,PSO,V2,STD,V,9147.0
PSO_V2-STD,PSO,V2,STD,V,9147.0
PSO_V3-STD,PSO,V3,STD,V,8929.0
PSO_V3-STD,PSO,V3,STD,V,9147.0
PSO_V3-STD,PSO,V3,STD,V,9147.0
PSO_V3-STD,PSO,V3,STD,V,8940.0
PSO_V3-STD,PSO,V3,STD,V,9147.0
PSO_V3-STD,PSO,V3,STD,V,9147.0
PSO_V3-STD,PSO,V3,STD,V,8929.0
PSO_V3-STD,PSO,V3,STD,V,9147.0
PSO_V3-STD,PSO,V3,STD,V,8929.0
PSO_V3-STD,PSO,V3,STD,V,9147.0
PSO_V3-STD,PSO,V3,STD,V,8929.0
PSO_V3-STD,PSO,V3,STD,V,8929.0
PSO_V3-STD,PSO,V3,STD,V,8940.0
PSO_V3-STD,PSO,V3,STD,V,9147.0
PSO_V3-STD,PSO,V3,STD,V,9147.0
PSO_V3-STD,PSO,V3,STD,V,9147.0
PSO_V3-STD,PSO,V3,STD,V,9147.0
PSO_V3-STD,PSO,V3,STD,V,9147.0
PSO_V3-STD,PSO,V3,STD,V,9147.0
PSO_V3-STD,PSO,V3,STD,V,9147.0
PSO_V3-STD,PSO,V3,STD,V,8817.0
PSO_V3-STD,PSO,V3,STD,V,8990.0
PSO_V3-STD,PSO,V3,STD,V,9147.0
PSO_V3-STD,PSO,V3,STD,V,9147.0
PSO_V3-STD,PSO,V3,STD,V,9147.0
PSO_V3-STD,PSO,V3,STD,V,9147.0
PSO_V3-STD,PSO,V3,STD,V,8929.0
PSO_V3-STD,PSO,V3,STD,V,8940.0
PSO_V3-STD,PSO,V3,STD,V,8929.0
PSO_V3-STD,PSO,V3,STD,V,8929.0
PSO_V3-STD,PSO,V3,STD,V,9147.0
PSO_V4-STD,PSO,V4,STD,V,9147.0
PSO_V4-STD,PSO,V4,STD,V,9147.0
PSO_V4-STD,PSO,V4,STD,V,8940.0
PSO_V4-STD,PSO,V4,STD,V,8911.0
PSO_V4-STD,PSO,V4,STD,V,9147.0
PSO_V4-STD,PSO,V4,STD,V,8990.0
PSO_V4-STD,PSO,V4,STD,V,9147.0
PSO_V4-STD,PSO,V4,STD,V,8911.0
PSO_V4-STD,PSO,V4,STD,V,8940.0
PSO_V4-STD,PSO,V4,STD,V,9147.0
PSO_V4-STD,PSO,V4,STD,V,9147.0
PSO_V4-STD,PSO,V4,STD,V,9147.0
PSO_V4-STD,PSO,V4,STD,V,8817.0
PSO_V4-STD,PSO,V4,STD,V,8940.0
PSO_V4-STD,PSO,V4,STD,V,9147.0
PSO_V4-STD,PSO,V4,STD,V,9147.0
PSO_V4-STD,PSO,V4,STD,V,9147.0
PSO_V4-STD,PSO,V4,STD,V,9147.0
PSO_V4-STD,PSO,V4,STD,V,9147.0
PSO_V4-STD,PSO,V4,STD,V,9147.0
PSO_V4-STD,PSO,V4,STD,V,9147.0
PSO_V4-STD,PSO,V4,STD,V,9147.0
PSO_V4-STD,PSO,V4,STD,V,9147.0
PSO_V4-STD,PSO,V4,STD,V,9147.0
PSO_V4-STD,PSO,V4,STD,V,8929.0
PSO_V4-STD,PSO,V4,STD,V,8929.0
PSO_V4-STD,PSO,V4,STD,V,9147.0
PSO_V4-STD,PSO,V4,STD,V,9147.0
PSO_V4-STD,PSO,V4,STD,V,8929.0
PSO_V4-STD,PSO,V4,STD,V,8940.0
PSO_V4-STD,PSO,V4,STD,V,9147.0
PSO_V1-COM,PSO,V1,COM,V,9147.0
PSO_V1-COM,PSO,V1,COM,V,8990.0
PSO_V1-COM,PSO,V1,COM,V,8940.0
PSO_V1-COM,PSO,V1,COM,V,8817.0
PSO_V1-COM,PSO,V1,COM,V,8810.0
PSO_V1-COM,PSO,V1,COM,V,9147.0
PSO_V1-COM,PSO,V1,COM,V,8817.0
PSO_V1-COM,PSO,V1,COM,V,8911.0
PSO_V1-COM,PSO,V1,COM,V,9147.0
PSO_V1-COM,PSO,V1,COM,V,9147.0
PSO_V1-COM,PSO,V1,COM,V,9147.0
PSO_V1-COM,PSO,V1,COM,V,9147.0
PSO_V1-COM,PSO,V1,COM,V,8788.0
PSO_V1-COM,PSO,V1,COM,V,8719.0
PSO_V1-COM,PSO,V1,COM,V,8940.0
PSO_V1-COM,PSO,V1,COM,V,9147.0
PSO_V1-COM,PSO,V1,COM,V,9147.0
PSO_V1-COM,PSO,V1,COM,V,8940.0
PSO_V1-COM,PSO,V1,COM,V,8940.0
PSO_V1-COM,PSO,V1,COM,V,9147.0
PSO_V1-COM,PSO,V1,COM,V,8660.0
PSO_V1-COM,PSO,V1,COM,V,9147.0
PSO_V1-COM,PSO,V1,COM,V,9147.0
PSO_V1-COM,PSO,V1,COM,V,9147.0
PSO_V1-COM,PSO,V1,COM,V,8940.0
PSO_V1-COM,PSO,V1,COM,V,8990.0
PSO_V1-COM,PSO,V1,COM,V,8911.0
PSO_V1-COM,PSO,V1,COM,V,8817.0
PSO_V1-COM,PSO,V1,COM,V,8911.0
PSO_V1-COM,PSO,V1,COM,V,8940.0
PSO_V1-COM,PSO,V1,COM,V,9147.0
PSO_V2-COM,PSO,V2,COM,V,8940.0
PSO_V2-COM,PSO,V2,COM,V,9147.0
PSO_V2-COM,PSO,V2,COM,V,8990.0
PSO_V2-COM,PSO,V2,COM,V,8940.0
PSO_V2-COM,PSO,V2,COM,V,8817.0
PSO_V2-COM,PSO,V2,COM,V,9147.0
PSO_V2-COM,PSO,V2,COM,V,9147.0
PSO_V2-COM,PSO,V2,COM,V,8911.0
PSO_V2-COM,PSO,V2,COM,V,9147.0
PSO_V2-COM,PSO,V2,COM,V,8817.0
PSO_V2-COM,PSO,V2,COM,V,9147.0
PSO_V2-COM,PSO,V2,COM,V,9147.0
PSO_V2-COM,PSO,V2,COM,V,9147.0
PSO_V2-COM,PSO,V2,COM,V,8817.0
PSO_V2-COM,PSO,V2,COM,V,9147.0
PSO_V2-COM,PSO,V2,COM,V,8817.0
PSO_V2-COM,PSO,V2,COM,V,9147.0
PSO_V2-COM,PSO,V2,COM,V,9147.0
PSO_V2-COM,PSO,V2,COM,V,8817.0
PSO_V2-COM,PSO,V2,COM,V,9147.0
PSO_V2-COM,PSO,V2,COM,V,8940.0
PSO_V2-COM,PSO,V2,COM,V,8817.0
PSO_V2-COM,PSO,V2,COM,V,8911.0
PSO_V2-COM,PSO,V2,COM,V,8940.0
PSO_V2-COM,PSO,V2,COM,V,8817.0
PSO_V2-COM,PSO,V2,COM,V,8940.0
PSO_V2-COM,PSO,V2,COM,V,9147.0
PSO_V2-COM,PSO,V2,COM,V,8911.0
PSO_V2-COM,PSO,V2,COM,V,8817.0
PSO_V2-COM,PSO,V2,COM,V,8940.0
PSO_V2-COM,PSO,V2,COM,V,9147.0
PSO_V3-COM,PSO,V3,COM,V,8940.0
PSO_V3-COM,PSO,V3,COM,V,8929.0
PSO_V3-COM,PSO,V3,COM,V,8842.0
PSO_V3-COM,PSO,V3,COM,V,8817.0
PSO_V3-COM,PSO,V3,COM,V,9147.0
PSO_V3-COM,PSO,V3,COM,V,9147.0
PSO_V3-COM,PSO,V3,COM,V,8788.0
PSO_V3-COM,PSO,V3,COM,V,9147.0
PSO_V3-COM,PSO,V3,COM,V,8817.0
PSO_V3-COM,PSO,V3,COM,V,9147.0
PSO_V3-COM,PSO,V3,COM,V,9147.0
PSO_V3-COM,PSO,V3,COM,V,9147.0
PSO_V3-COM,PSO,V3,COM,V,8911.0
PSO_V3-COM,PSO,V3,COM,V,9147.0
PSO_V3-COM,PSO,V3,COM,V,8911.0
PSO_V3-COM,PSO,V3,COM,V,8940.0
PSO_V3-COM,PSO,V3,COM,V,8817.0
PSO_V3-COM,PSO,V3,COM,V,8817.0
PSO_V3-COM,PSO,V3,COM,V,8911.0
PSO_V3-COM,PSO,V3,COM,V,8911.0
PSO_V3-COM,PSO,V3,COM,V,8929.0
PSO_V3-COM,PSO,V3,COM,V,8940.0
PSO_V3-COM,PSO,V3,COM,V,9147.0
PSO_V3-COM,PSO,V3,COM,V,9147.0
PSO_V3-COM,PSO,V3,COM,V,8719.0
PSO_V3-COM,PSO,V3,COM,V,8940.0
PSO_V3-COM,PSO,V3,COM,V,8788.0
PSO_V3-COM,PSO,V3,COM,V,8817.0
PSO_V3-COM,PSO,V3,COM,V,8817.0
PSO_V3-COM,PSO,V3,COM,V,9147.0
PSO_V3-COM,PSO,V3,COM,V,8990.0
PSO_V4-COM,PSO,V4,COM,V,9147.0
PSO_V4-COM,PSO,V4,COM,V,8940.0
PSO_V4-COM,PSO,V4,COM,V,9147.0
PSO_V4-COM,PSO,V4,COM,V,8990.0
PSO_V4-COM,PSO,V4,COM,V,8817.0
PSO_V4-COM,PSO,V4,COM,V,8810.0
PSO_V4-COM,PSO,V4,COM,V,8911.0
PSO_V4-COM,PSO,V4,COM,V,8940.0
PSO_V4-COM,PSO,V4,COM,V,8660.0
PSO_V4-COM,PSO,V4,COM,V,8810.0
PSO_V4-COM,PSO,V4,COM,V,9147.0
PSO_V4-COM,PSO,V4,COM,V,8842.0
PSO_V4-COM,PSO,V4,COM,V,9147.0
PSO_V4-COM,PSO,V4,COM,V,8817.0
PSO_V4-COM,PSO,V4,COM,V,8687.0
PSO_V4-COM,PSO,V4,COM,V,9147.0
PSO_V4-COM,PSO,V4,COM,V,8940.0
PSO_V4-COM,PSO,V4,COM,V,8911.0
PSO_V4-COM,PSO,V4,COM,V,9147.0
PSO_V4-COM,PSO,V4,COM,V,8781.0
PSO_V4-COM,PSO,V4,COM,V,8810.0
PSO_V4-COM,PSO,V4,COM,V,8817.0
PSO_V4-COM,PSO,V4,COM,V,9147.0
PSO_V4-COM,PSO,V4,COM,V,8788.0
PSO_V4-COM,PSO,V4,COM,V,9147.0
PSO_V4-COM,PSO,V4,COM,V,8781.0
PSO_V4-COM,PSO,V4,COM,V,9147.0
PSO_V4-COM,PSO,V4,COM,V,8990.0
PSO_V4-COM,PSO,V4,COM,V,9147.0
PSO_V4-COM,PSO,V4,COM,V,9147.0
PSO_V4-COM,PSO,V4,COM,V,8817.0
PSO_V1-ELIT,PSO,V1,ELIT,V,9147.0
PSO_V1-ELIT,PSO,V1,ELIT,V,9147.0
PSO_V1-ELIT,PSO,V1,ELIT,V,9147.0
PSO_V1-ELIT,PSO,V1,ELIT,V,8911.0
PSO_V1-ELIT,PSO,V1,ELIT,V,8842.0
PSO_V1-ELIT,PSO,V1,ELIT,V,7840.0
PSO_V1-ELIT,PSO,V1,ELIT,V,8911.0
PSO_V1-ELIT,PSO,V1,ELIT,V,8783.0
PSO_V1-ELIT,PSO,V1,ELIT,V,9147.0
PSO_V1-ELIT,PSO,V1,ELIT,V,8817.0
PSO_V1-ELIT,PSO,V1,ELIT,V,8842.0
PSO_V1-ELIT,PSO,V1,ELIT,V,8990.0
PSO_V1-ELIT,PSO,V1,ELIT,V,8990.0
PSO_V1-ELIT,PSO,V1,ELIT,V,8842.0
PSO_V1-ELIT,PSO,V1,ELIT,V,9147.0
PSO_V1-ELIT,PSO,V1,ELIT,V,8215.0
PSO_V1-ELIT,PSO,V1,ELIT,V,8990.0
PSO_V1-ELIT,PSO,V1,ELIT,V,8781.0
PSO_V1-ELIT,PSO,V1,ELIT,V,8842.0
PSO_V1-ELIT,PSO,V1,ELIT,V,8940.0
PSO_V1-ELIT,PSO,V1,ELIT,V,8810.0
PSO_V1-ELIT,PSO,V1,ELIT,V,8783.0
PSO_V1-ELIT,PSO,V1,ELIT,V,8017.0
PSO_V1-ELIT,PSO,V1,ELIT,V,8810.0
PSO_V1-ELIT,PSO,V1,ELIT,V,8687.0
PSO_V1-ELIT,PSO,V1,ELIT,V,8687.0
PSO_V1-ELIT,PSO,V1,ELIT,V,8842.0
PSO_V1-ELIT,PSO,V1,ELIT,V,8586.0
PSO_V1-ELIT,PSO,V1,ELIT,V,8472.0
PSO_V1-ELIT,PSO,V1,ELIT,V,9147.0
PSO_V1-ELIT,PSO,V1,ELIT,V,8911.0
PSO_V2-ELIT,PSO,V2,ELIT,V,8911.0
PSO_V2-ELIT,PSO,V2,ELIT,V,8416.0
PSO_V2-ELIT,PSO,V2,ELIT,V,8990.0
PSO_V2-ELIT,PSO,V2,ELIT,V,8911.0
PSO_V2-ELIT,PSO,V2,ELIT,V,8940.0
PSO_V2-ELIT,PSO,V2,ELIT,V,8382.0
PSO_V2-ELIT,PSO,V2,ELIT,V,9147.0
PSO_V2-ELIT,PSO,V2,ELIT,V,8940.0
PSO_V2-ELIT,PSO,V2,ELIT,V,8842.0
PSO_V2-ELIT,PSO,V2,ELIT,V,8628.0
PSO_V2-ELIT,PSO,V2,ELIT,V,8783.0
PSO_V2-ELIT,PSO,V2,ELIT,V,9147.0
PSO_V2-ELIT,PSO,V2,ELIT,V,9147.0
PSO_V2-ELIT,PSO,V2,ELIT,V,8842.0
PSO_V2-ELIT,PSO,V2,ELIT,V,9147.0
PSO_V2-ELIT,PSO,V2,ELIT,V,8990.0
PSO_V2-ELIT,PSO,V2,ELIT,V,8540.0
PSO_V2-ELIT,PSO,V2,ELIT,V,9147.0
PSO_V2-ELIT,PSO,V2,ELIT,V,8781.0
PSO_V2-ELIT,PSO,V2,ELIT,V,8658.0
PSO_V2-ELIT,PSO,V2,ELIT,V,8709.0
PSO_V2-ELIT,PSO,V2,ELIT,V,8525.0
PSO_V2-ELIT,PSO,V2,ELIT,V,8455.0
PSO_V2-ELIT,PSO,V2,ELIT,V,8911.0
PSO_V2-ELIT,PSO,V2,ELIT,V,8817.0
PSO_V2-ELIT,PSO,V2,ELIT,V,9147.0
PSO_V2-ELIT,PSO,V2,ELIT,V,8360.0
PSO_V2-ELIT,PSO,V2,ELIT,V,8810.0
PSO_V2-ELIT,PSO,V2,ELIT,V,8586.0
PSO_V2-ELIT,PSO,V2,ELIT,V,8940.0
PSO_V2-ELIT,PSO,V2,ELIT,V,8638.0
PSO_V3-ELIT,PSO,V3,ELIT,V,8601.0
PSO_V3-ELIT,PSO,V3,ELIT,V,8940.0
PSO_V3-ELIT,PSO,V3,ELIT,V,8249.0
PSO_V3-ELIT,PSO,V3,ELIT,V,9147.0
PSO_V3-ELIT,PSO,V3,ELIT,V,8544.0
PSO_V3-ELIT,PSO,V3,ELIT,V,8348.0
PSO_V3-ELIT,PSO,V3,ELIT,V,8099.0
PSO_V3-ELIT,PSO,V3,ELIT,V,8653.0
PSO_V3-ELIT,PSO,V3,ELIT,V,8658.0
PSO_V3-ELIT,PSO,V3,ELIT,V,8660.0
PSO_V3-ELIT,PSO,V3,ELIT,V,9147.0
PSO_V3-ELIT,PSO,V3,ELIT,V,8586.0
PSO_V3-ELIT,PSO,V3,ELIT,V,8817.0
PSO_V3-ELIT,PSO,V3,ELIT,V,8397.0
PSO_V3-ELIT,PSO,V3,ELIT,V,8911.0
PSO_V3-ELIT,PSO,V3,ELIT,V,8586.0
PSO_V3-ELIT,PSO,V3,ELIT,V,8817.0
PSO_V3-ELIT,PSO,V3,ELIT,V,8911.0
PSO_V3-ELIT,PSO,V3,ELIT,V,8658.0
PSO_V3-ELIT,PSO,V3,ELIT,V,8569.0
PSO_V3-ELIT,PSO,V3,ELIT,V,8654.0
PSO_V3-ELIT,PSO,V3,ELIT,V,8719.0
PSO_V3-ELIT,PSO,V3,ELIT,V,8940.0
PSO_V3-ELIT,PSO,V3,ELIT,V,8783.0
PSO_V3-ELIT,PSO,V3,ELIT,V,8940.0
PSO_V3-ELIT,PSO,V3,ELIT,V,8781.0
PSO_V3-ELIT,PSO,V3,ELIT,V,8911.0
PSO_V3-ELIT,PSO,V3,ELIT,V,8628.0
PSO_V3-ELIT,PSO,V3,ELIT,V,8808.0
PSO_V3-ELIT,PSO,V3,ELIT,V,8940.0
PSO_V3-ELIT,PSO,V3,ELIT,V,8842.0
PSO_V4-ELIT,PSO,V4,ELIT,V,8601.0
PSO_V4-ELIT,PSO,V4,ELIT,V,8842.0
PSO_V4-ELIT,PSO,V4,ELIT,V,8808.0
PSO_V4-ELIT,PSO,V4,ELIT,V,8842.0
PSO_V4-ELIT,PSO,V4,ELIT,V,8395.0
PSO_V4-ELIT,PSO,V4,ELIT,V,8842.0
PSO_V4-ELIT,PSO,V4,ELIT,V,8601.0
PSO_V4-ELIT,PSO,V4,ELIT,V,8990.0
PSO_V4-ELIT,PSO,V4,ELIT,V,9147.0
PSO_V4-ELIT,PSO,V4,ELIT,V,8842.0
PSO_V4-ELIT,PSO,V4,ELIT,V,8658.0
PSO_V4-ELIT,PSO,V4,ELIT,V,8940.0
PSO_V4-ELIT,PSO,V4,ELIT,V,8990.0
PSO_V4-ELIT,PSO,V4,ELIT,V,8783.0
PSO_V4-ELIT,PSO,V4,ELIT,V,8940.0
PSO_V4-ELIT,PSO,V4,ELIT,V,8719.0
PSO_V4-ELIT,PSO,V4,ELIT,V,8817.0
PSO_V4-ELIT,PSO,V4,ELIT,V,8842.0
PSO_V4-ELIT,PSO,V4,ELIT,V,8817.0
PSO_V4-ELIT,PSO,V4,ELIT,V,7742.0
PSO_V4-ELIT,PSO,V4,ELIT,V,8407.0
PSO_V4-ELIT,PSO,V4,ELIT,V,8783.0
PSO_V4-ELIT,PSO,V4,ELIT,V,8817.0
PSO_V4-ELIT,PSO,V4,ELIT,V,8713.0
PSO_V4-ELIT,PSO,V4,ELIT,V,9147.0
PSO_V4-ELIT,PSO,V4,ELIT,V,8911.0
PSO_V4-ELIT,PSO,V4,ELIT,V,8400.0
PSO_V4-ELIT,PSO,V4,ELIT,V,8810.0
PSO_V4-ELIT,PSO,V4,ELIT,V,8810.0
PSO_V4-ELIT,PSO,V4,ELIT,V,8653.0
PSO_V4-ELIT,PSO,V4,ELIT,V,8497.0
PSO_X1-STD,PSO,X1,STD,X,9147.0
PSO_X1-STD,PSO,X1,STD,X,8842.0
PSO_X1-STD,PSO,X1,STD,X,9147.0
PSO_X1-STD,PSO,X1,STD,X,8940.0
PSO_X1-STD,PSO,X1,STD,X,8940.0
PSO_X1-STD,PSO,X1,STD,X,8810.0
PSO_X1-STD,PSO,X1,STD,X,8911.0
PSO_X1-STD,PSO,X1,STD,X,9147.0
PSO_X1-STD,PSO,X1,STD,X,8781.0
PSO_X1-STD,PSO,X1,STD,X,8781.0
PSO_X1-STD,PSO,X1,STD,X,8781.0
PSO_X1-STD,PSO,X1,STD,X,8940.0
PSO_X1-STD,PSO,X1,STD,X,8810.0
PSO_X1-STD,PSO,X1,STD,X,9147.0
PSO_X1-STD,PSO,X1,STD,X,9147.0
PSO_X1-STD,PSO,X1,STD,X,8940.0
PSO_X1-STD,PSO,X1,STD,X,8788.0
PSO_X1-STD,PSO,X1,STD,X,8990.0
PSO_X1-STD,PSO,X1,STD,X,8388.0
PSO_X1-STD,PSO,X1,STD,X,8940.0
PSO_X1-STD,PSO,X1,STD,X,8940.0
PSO_X1-STD,PSO,X1,STD,X,9147.0
PSO_X1-STD,PSO,X1,STD,X,9147.0
PSO_X1-STD,PSO,X1,STD,X,9147.0
PSO_X1-STD,PSO,X1,STD,X,9147.0
PSO_X1-STD,PSO,X1,STD,X,8911.0
PSO_X1-STD,PSO,X1,STD,X,8783.0
PSO_X1-STD,PSO,X1,STD,X,8817.0
PSO_X1-STD,PSO,X1,STD,X,8599.0
PSO_X1-STD,PSO,X1,STD,X,8940.0
PSO_X1-STD,PSO,X1,STD,X,8940.0
PSO_X2-STD,PSO,X2,STD,X,8990.0
PSO_X2-STD,PSO,X2,STD,X,9147.0
PSO_X2-STD,PSO,X2,STD,X,8990.0
PSO_X2-STD,PSO,X2,STD,X,8929.0
PSO_X2-STD,PSO,X2,STD,X,8990.0
PSO_X2-STD,PSO,X2,STD,X,9147.0
PSO_X2-STD,PSO,X2,STD,X,8911.0
PSO_X2-STD,PSO,X2,STD,X,9147.0
PSO_X2-STD,PSO,X2,STD,X,9147.0
PSO_X2-STD,PSO,X2,STD,X,8940.0
PSO_X2-STD,PSO,X2,STD,X,8940.0
PSO_X2-STD,PSO,X2,STD,X,8990.0
PSO_X2-STD,PSO,X2,STD,X,9147.0
PSO_X2-STD,PSO,X2,STD,X,9147.0
PSO_X2-STD,PSO,X2,STD,X,8940.0
PSO_X2-STD,PSO,X2,STD,X,9147.0
PSO_X2-STD,PSO,X2,STD,X,9147.0
PSO_X2-STD,PSO,X2,STD,X,9147.0
PSO_X2-STD,PSO,X2,STD,X,8911.0
PSO_X2-STD,PSO,X2,STD,X,8990.0
PSO_X2-STD,PSO,X2,STD,X,8810.0
PSO_X2-STD,PSO,X2,STD,X,9147.0
PSO_X2-STD,PSO,X2,STD,X,8990.0
PSO_X2-STD,PSO,X2,STD,X,9147.0
PSO_X2-STD,PSO,X2,STD,X,8990.0
PSO_X2-STD,PSO,X2,STD,X,8911.0
PSO_X2-STD,PSO,X2,STD,X,8990.0
PSO_X2-STD,PSO,X2,STD,X,9147.0
PSO_X2-STD,PSO,X2,STD,X,8940.0
PSO_X2-STD,PSO,X2,STD,X,8990.0
PSO_X2-STD,PSO,X2,STD,X,8940.0
PSO_X3-STD,PSO,X3,STD,X,9147.0
PSO_X3-STD,PSO,X3,STD,X,9147.0
PSO_X3-STD,PSO,X3,STD,X,8940.0
PSO_X3-STD,PSO,X3,STD,X,9147.0
PSO_X3-STD,PSO,X3,STD,X,9147.0
PSO_X3-STD,PSO,X3,STD,X,8990.0
PSO_X3-STD,PSO,X3,STD,X,9147.0
PSO_X3-STD,PSO,X3,STD,X,8990.0
PSO_X3-STD,PSO,X3,STD,X,9147.0
PSO_X3-STD,PSO,X3,STD,X,9147.0
PSO_X3-STD,PSO,X3,STD,X,9147.0
PSO_X3-STD,PSO,X3,STD,X,8990.0
PSO_X3-STD,PSO,X3,STD,X,9147.0
PSO_X3-STD,PSO,X3,STD,X,9147.0
PSO_X3-STD,PSO,X3,STD,X,9147.0
PSO_X3-STD,PSO,X3,STD,X,8990.0
PSO_X3-STD,PSO,X3,STD,X,9147.0
PSO_X3-STD,PSO,X3,STD,X,9147.0
PSO_X3-STD,PSO,X3,STD,X,8940.0
PSO_X3-STD,PSO,X3,STD,X,9147.0
PSO_X3-STD,PSO,X3,STD,X,9147.0
PSO_X3-STD,PSO,X3,STD,X,9147.0
PSO_X3-STD,PSO,X3,STD,X,8990.0
PSO_X3-STD,PSO,X3,STD,X,9147.0
PSO_X3-STD,PSO,X3,STD,X,9147.0
PSO_X3-STD,PSO,X3,STD,X,9147.0
PSO_X3-STD,PSO,X3,STD,X,9147.0
PSO_X3-STD,PSO,X3,STD,X,9147.0
PSO_X3-STD,PSO,X3,STD,X,9147.0
PSO_X3-STD,PSO,X3,STD,X,8990.0
PSO_X3-STD,PSO,X3,STD,X,9147.0
PSO_X4-STD,PSO,X4,STD,X,9147.0
PSO_X4-STD,PSO,X4,STD,X,9147.0
PSO_X4-STD,PSO,X4,STD,X,9147.0
PSO_X4-STD,PSO,X4,STD,X,9147.0
PSO_X4-STD,PSO,X4,STD,X,9147.0
PSO_X4-STD,PSO,X4,STD,X,9147.0
PSO_X4-STD,PSO,X4,STD,X,9147.0
PSO_X4-STD,PSO,X4,STD,X,9147.0
PSO_X4-STD,PSO,X4,STD,X,9147.0
PSO_X4-STD,PSO,X4,STD,X,8990.0
PSO_X4-STD,PSO,X4,STD,X,9147.0
PSO_X4-STD,PSO,X4,STD,X,9147.0
PSO_X4-STD,PSO,X4,STD,X,9147.0
PSO_X4-STD,PSO,X4,STD,X,9147.0
PSO_X4-STD,PSO,X4,STD,X,9147.0
PSO_X4-STD,PSO,X4,STD,X,9147.0
PSO_X4-STD,PSO,X4,STD,X,9147.0
PSO_X4-STD,PSO,X4,STD,X,9147.0
PSO_X4-STD,PSO,X4,STD,X,9147.0
PSO_X4-STD,PSO,X4,STD,X,9147.0
PSO_X4-STD,PSO,X4,STD,X,9147.0
PSO_X4-STD,PSO,X4,STD,X,8990.0
PSO_X4-STD,PSO,X4,STD,X,9147.0
PSO_X4-STD,PSO,X4,STD,X,9147.0
PSO_X4-STD,PSO,X4,STD,X,9147.0
PSO_X4-STD,PSO,X4,STD,X,9147.0
PSO_X4-STD,PSO,X4,STD,X,9147.0
PSO_X4-STD,PSO,X4,STD,X,9147.0
PSO_X4-STD,PSO,X4,STD,X,9147.0
PSO_X4-STD,PSO,X4,STD,X,9147.0
PSO_X4-STD,PSO,X4,STD,X,9147.0
PSO_X1-COM,PSO,X1,COM,X,8382.0
PSO_X1-COM,PSO,X1,COM,X,8808.0
PSO_X1-COM,PSO,X1,COM,X,8788.0
PSO_X1-COM,PSO,X1,COM,X,8990.0
PSO_X1-COM,PSO,X1,COM,X,8660.0
PSO_X1-COM,PSO,X1,COM,X,8810.0
PSO_X1-COM,PSO,X1,COM,X,8756.0
PSO_X1-COM,PSO,X1,COM,X,8842.0
PSO_X1-COM,PSO,X1,COM,X,8756.0
PSO_X1-COM,PSO,X1,COM,X,8528.0
PSO_X1-COM,PSO,X1,COM,X,8929.0
PSO_X1-COM,PSO,X1,COM,X,8788.0
PSO_X1-COM,PSO,X1,COM,X,8842.0
PSO_X1-COM,PSO,X1,COM,X,8210.0
PSO_X1-COM,PSO,X1,COM,X,8842.0
PSO_X1-COM,PSO,X1,COM,X,8990.0
PSO_X1-COM,PSO,X1,COM,X,8781.0
PSO_X1-COM,PSO,X1,COM,X,8751.0
PSO_X1-COM,PSO,X1,COM,X,8579.0
PSO_X1-COM,PSO,X1,COM,X,8788.0
PSO_X1-COM,PSO,X1,COM,X,8817.0
PSO_X1-COM,PSO,X1,COM,X,8817.0
PSO_X1-COM,PSO,X1,COM,X,8660.0
PSO_X1-COM,PSO,X1,COM,X,8783.0
PSO_X1-COM,PSO,X1,COM,X,8788.0
PSO_X1-COM,PSO,X1,COM,X,8817.0
PSO_X1-COM,PSO,X1,COM,X,8990.0
PSO_X1-COM,PSO,X1,COM,X,9147.0
PSO_X1-COM,PSO,X1,COM,X,8810.0
PSO_X1-COM,PSO,X1,COM,X,8842.0
PSO_X1-COM,PSO,X1,COM,X,8783.0
PSO_X2-COM,PSO,X2,COM,X,8940.0
PSO_X2-COM,PSO,X2,COM,X,8719.0
PSO_X2-COM,PSO,X2,COM,X,8471.0
PSO_X2-COM,PSO,X2,COM,X,8756.0
PSO_X2-COM,PSO,X2,COM,X,8544.0
PSO_X2-COM,PSO,X2,COM,X,9147.0
PSO_X2-COM,PSO,X2,COM,X,8842.0
PSO_X2-COM,PSO,X2,COM,X,8911.0
PSO_X2-COM,PSO,X2,COM,X,9147.0
PSO_X2-COM,PSO,X2,COM,X,8544.0
PSO_X2-COM,PSO,X2,COM,X,8554.0
PSO_X2-COM,PSO,X2,COM,X,9147.0
PSO_X2-COM,PSO,X2,COM,X,8990.0
PSO_X2-COM,PSO,X2,COM,X,8940.0
PSO_X2-COM,PSO,X2,COM,X,8940.0
PSO_X2-COM,PSO,X2,COM,X,8709.0
PSO_X2-COM,PSO,X2,COM,X,8817.0
PSO_X2-COM,PSO,X2,COM,X,8478.0
PSO_X2-COM,PSO,X2,COM,X,8544.0
PSO_X2-COM,PSO,X2,COM,X,8940.0
PSO_X2-COM,PSO,X2,COM,X,8783.0
PSO_X2-COM,PSO,X2,COM,X,8692.0
PSO_X2-COM,PSO,X2,COM,X,8653.0
PSO_X2-COM,PSO,X2,COM,X,8512.0
PSO_X2-COM,PSO,X2,COM,X,8990.0
PSO_X2-COM,PSO,X2,COM,X,8751.0
PSO_X2-COM,PSO,X2,COM,X,8478.0
PSO_X2-COM,PSO,X2,COM,X,8480.0
PSO_X2-COM,PSO,X2,COM,X,8756.0
PSO_X2-COM,PSO,X2,COM,X,8990.0
PSO_X2-COM,PSO,X2,COM,X,8911.0
PSO_X3-COM,PSO,X3,COM,X,9147.0
PSO_X3-COM,PSO,X3,COM,X,9147.0
PSO_X3-COM,PSO,X3,COM,X,8842.0
PSO_X3-COM,PSO,X3,COM,X,8751.0
PSO_X3-COM,PSO,X3,COM,X,8657.0
PSO_X3-COM,PSO,X3,COM,X,8751.0
PSO_X3-COM,PSO,X3,COM,X,9147.0
PSO_X3-COM,PSO,X3,COM,X,8810.0
PSO_X3-COM,PSO,X3,COM,X,9147.0
PSO_X3-COM,PSO,X3,COM,X,8990.0
PSO_X3-COM,PSO,X3,COM,X,9147.0
PSO_X3-COM,PSO,X3,COM,X,8940.0
PSO_X3-COM,PSO,X3,COM,X,8911.0
PSO_X3-COM,PSO,X3,COM,X,8810.0
PSO_X3-COM,PSO,X3,COM,X,9147.0
PSO_X3-COM,PSO,X3,COM,X,8719.0
PSO_X3-COM,PSO,X3,COM,X,9147.0
PSO_X3-COM,PSO,X3,COM,X,9147.0
PSO_X3-COM,PSO,X3,COM,X,8911.0
PSO_X3-COM,PSO,X3,COM,X,9147.0
PSO_X3-COM,PSO,X3,COM,X,8990.0
PSO_X3-COM,PSO,X3,COM,X,9147.0
PSO_X3-COM,PSO,X3,COM,X,8911.0
PSO_X3-COM,PSO,X3,COM,X,9147.0
PSO_X3-COM,PSO,X3,COM,X,8842.0
PSO_X3-COM,PSO,X3,COM,X,8911.0
PSO_X3-COM,PSO,X3,COM,X,9147.0
PSO_X3-COM,PSO,X3,COM,X,8940.0
PSO_X3-COM,PSO,X3,COM,X,9147.0
PSO_X3-COM,PSO,X3,COM,X,9147.0
PSO_X3-COM,PSO,X3,COM,X,9147.0
PSO_X4-COM,PSO,X4,COM,X,9147.0
PSO_X4-COM,PSO,X4,COM,X,8940.0
PSO_X4-COM,PSO,X4,COM,X,9147.0
PSO_X4-COM,PSO,X4,COM,X,9147.0
PSO_X4-COM,PSO,X4,COM,X,9147.0
PSO_X4-COM,PSO,X4,COM,X,8911.0
PSO_X4-COM,PSO,X4,COM,X,9147.0
PSO_X4-COM,PSO,X4,COM,X,8842.0
PSO_X4-COM,PSO,X4,COM,X,9147.0
PSO_X4-COM,PSO,X4,COM,X,9147.0
PSO_X4-COM,PSO,X4,COM,X,8842.0
PSO_X4-COM,PSO,X4,COM,X,9147.0
PSO_X4-COM,PSO,X4,COM,X,8940.0
PSO_X4-COM,PSO,X4,COM,X,8940.0
PSO_X4-COM,PSO,X4,COM,X,8990.0
PSO_X4-COM,PSO,X4,COM,X,9147.0
PSO_X4-COM,PSO,X4,COM,X,8940.0
PSO_X4-COM,PSO,X4,COM,X,8990.0
PSO_X4-COM,PSO,X4,COM,X,8990.0
PSO_X4-COM,PSO,X4,COM,X,8990.0
PSO_X4-COM,PSO,X4,COM,X,8940.0
PSO_X4-COM,PSO,X4,COM,X,8940.0
PSO_X4-COM,PSO,X4,COM,X,9147.0
PSO_X4-COM,PSO,X4,COM,X,8781.0
PSO_X4-COM,PSO,X4,COM,X,8783.0
PSO_X4-COM,PSO,X4,COM,X,9147.0
PSO_X4-COM,PSO,X4,COM,X,9147.0
PSO_X4-COM,PSO,X4,COM,X,9147.0
PSO_X4-COM,PSO,X4,COM,X,8810.0
PSO_X4-COM,PSO,X4,COM,X,8940.0
PSO_X4-COM,PSO,X4,COM,X,9147.0
PSO_X1-ELIT,PSO,X1,ELIT,X,8783.0
PSO_X1-ELIT,PSO,X1,ELIT,X,8990.0
PSO_X1-ELIT,PSO,X1,ELIT,X,7985.0
PSO_X1-ELIT,PSO,X1,ELIT,X,8781.0
PSO_X1-ELIT,PSO,X1,ELIT,X,8990.0
PSO_X1-ELIT,PSO,X1,ELIT,X,8911.0
PSO_X1-ELIT,PSO,X1,ELIT,X,8783.0
PSO_X1-ELIT,PSO,X1,ELIT,X,8478.0
PSO_X1-ELIT,PSO,X1,ELIT,X,8658.0
PSO_X1-ELIT,PSO,X1,ELIT,X,8554.0
PSO_X1-ELIT,PSO,X1,ELIT,X,8990.0
PSO_X1-ELIT,PSO,X1,ELIT,X,8940.0
PSO_X1-ELIT,PSO,X1,ELIT,X,8660.0
PSO_X1-ELIT,PSO,X1,ELIT,X,9147.0
PSO_X1-ELIT,PSO,X1,ELIT,X,8599.0
PSO_X1-ELIT,PSO,X1,ELIT,X,8525.0
PSO_X1-ELIT,PSO,X1,ELIT,X,8911.0
PSO_X1-ELIT,PSO,X1,ELIT,X,8653.0
PSO_X1-ELIT,PSO,X1,ELIT,X,8990.0
PSO_X1-ELIT,PSO,X1,ELIT,X,8289.0
PSO_X1-ELIT,PSO,X1,ELIT,X,8709.0
PSO_X1-ELIT,PSO,X1,ELIT,X,8423.0
PSO_X1-ELIT,PSO,X1,ELIT,X,8940.0
PSO_X1-ELIT,PSO,X1,ELIT,X,8810.0
PSO_X1-ELIT,PSO,X1,ELIT,X,8654.0
PSO_X1-ELIT,PSO,X1,ELIT,X,8692.0
PSO_X1-ELIT,PSO,X1,ELIT,X,8719.0
PSO_X1-ELIT,PSO,X1,ELIT,X,8817.0
PSO_X1-ELIT,PSO,X1,ELIT,X,8456.0
PSO_X1-ELIT,PSO,X1,ELIT,X,9147.0
PSO_X1-ELIT,PSO,X1,ELIT,X,8911.0
PSO_X2-ELIT,PSO,X2,ELIT,X,8842.0
PSO_X2-ELIT,PSO,X2,ELIT,X,8781.0
PSO_X2-ELIT,PSO,X2,ELIT,X,9147.0
PSO_X2-ELIT,PSO,X2,ELIT,X,8817.0
PSO_X2-ELIT,PSO,X2,ELIT,X,8990.0
PSO_X2-ELIT,PSO,X2,ELIT,X,8628.0
PSO_X2-ELIT,PSO,X2,ELIT,X,8530.0
PSO_X2-ELIT,PSO,X2,ELIT,X,8911.0
PSO_X2-ELIT,PSO,X2,ELIT,X,8799.0
PSO_X2-ELIT,PSO,X2,ELIT,X,8653.0
PSO_X2-ELIT,PSO,X2,ELIT,X,8817.0
PSO_X2-ELIT,PSO,X2,ELIT,X,9147.0
PSO_X2-ELIT,PSO,X2,ELIT,X,8243.0
PSO_X2-ELIT,PSO,X2,ELIT,X,8897.0
PSO_X2-ELIT,PSO,X2,ELIT,X,8842.0
PSO_X2-ELIT,PSO,X2,ELIT,X,9147.0
PSO_X2-ELIT,PSO,X2,ELIT,X,8781.0
PSO_X2-ELIT,PSO,X2,ELIT,X,8788.0
PSO_X2-ELIT,PSO,X2,ELIT,X,8602.0
PSO_X2-ELIT,PSO,X2,ELIT,X,8658.0
PSO_X2-ELIT,PSO,X2,ELIT,X,8810.0
PSO_X2-ELIT,PSO,X2,ELIT,X,8911.0
PSO_X2-ELIT,PSO,X2,ELIT,X,8751.0
PSO_X2-ELIT,PSO,X2,ELIT,X,8687.0
PSO_X2-ELIT,PSO,X2,ELIT,X,8111.0
PSO_X2-ELIT,PSO,X2,ELIT,X,8719.0
PSO_X2-ELIT,PSO,X2,ELIT,X,8911.0
PSO_X2-ELIT,PSO,X2,ELIT,X,8990.0
PSO_X2-ELIT,PSO,X2,ELIT,X,8686.0
PSO_X2-ELIT,PSO,X2,ELIT,X,9147.0
PSO_X2-ELIT,PSO,X2,ELIT,X,8781.0
PSO_X3-ELIT,PSO,X3,ELIT,X,8427.0
PSO_X3-ELIT,PSO,X3,ELIT,X,8579.0
PSO_X3-ELIT,PSO,X3,ELIT,X,8420.0
PSO_X3-ELIT,PSO,X3,ELIT,X,8940.0
PSO_X3-ELIT,PSO,X3,ELIT,X,8810.0
PSO_X3-ELIT,PSO,X3,ELIT,X,9147.0
PSO_X3-ELIT,PSO,X3,ELIT,X,8783.0
PSO_X3-ELIT,PSO,X3,ELIT,X,8990.0
PSO_X3-ELIT,PSO,X3,ELIT,X,8810.0
PSO_X3-ELIT,PSO,X3,ELIT,X,8842.0
PSO_X3-ELIT,PSO,X3,ELIT,X,8929.0
PSO_X3-ELIT,PSO,X3,ELIT,X,8810.0
PSO_X3-ELIT,PSO,X3,ELIT,X,8817.0
PSO_X3-ELIT,PSO,X3,ELIT,X,8788.0
PSO_X3-ELIT,PSO,X3,ELIT,X,8631.0
PSO_X3-ELIT,PSO,X3,ELIT,X,9147.0
PSO_X3-ELIT,PSO,X3,ELIT,X,8382.0
PSO_X3-ELIT,PSO,X3,ELIT,X,8990.0
PSO_X3-ELIT,PSO,X3,ELIT,X,8751.0
PSO_X3-ELIT,PSO,X3,ELIT,X,8586.0
PSO_X3-ELIT,PSO,X3,ELIT,X,8990.0
PSO_X3-ELIT,PSO,X3,ELIT,X,8781.0
PSO_X3-ELIT,PSO,X3,ELIT,X,8842.0
PSO_X3-ELIT,PSO,X3,ELIT,X,8382.0
PSO_X3-ELIT,PSO,X3,ELIT,X,8544.0
PSO_X3-ELIT,PSO,X3,ELIT,X,8929.0
PSO_X3-ELIT,PSO,X3,ELIT,X,9147.0
PSO_X3-ELIT,PSO,X3,ELIT,X,8929.0
PSO_X3-ELIT,PSO,X3,ELIT,X,9147.0
PSO_X3-ELIT,PSO,X3,ELIT,X,8842.0
PSO_X3-ELIT,PSO,X3,ELIT,X,8631.0
PSO_X4-ELIT,PSO,X4,ELIT,X,9147.0
PSO_X4-ELIT,PSO,X4,ELIT,X,8745.0
PSO_X4-ELIT,PSO,X4,ELIT,X,8218.0
PSO_X4-ELIT,PSO,X4,ELIT,X,8286.0
PSO_X4-ELIT,PSO,X4,ELIT,X,8686.0
PSO_X4-ELIT,PSO,X4,ELIT,X,8817.0
PSO_X4-ELIT,PSO,X4,ELIT,X,8756.0
PSO_X4-ELIT,PSO,X4,ELIT,X,9147.0
PSO_X4-ELIT,PSO,X4,ELIT,X,8810.0
PSO_X4-ELIT,PSO,X4,ELIT,X,8579.0
PSO_X4-ELIT,PSO,X4,ELIT,X,8745.0
PSO_X4-ELIT,PSO,X4,ELIT,X,8508.0
PSO_X4-ELIT,PSO,X4,ELIT,X,8940.0
PSO_X4-ELIT,PSO,X4,ELIT,X,8940.0
PSO_X4-ELIT,PSO,X4,ELIT,X,8512.0
PSO_X4-ELIT,PSO,X4,ELIT,X,8842.0
PSO_X4-ELIT,PSO,X4,ELIT,X,8788.0
PSO_X4-ELIT,PSO,X4,ELIT,X,8781.0
PSO_X4-ELIT,PSO,X4,ELIT,X,8569.0
PSO_X4-ELIT,PSO,X4,ELIT,X,8478.0
PSO_X4-ELIT,PSO,X4,ELIT,X,8810.0
PSO_X4-ELIT,PSO,X4,ELIT,X,8328.0
PSO_X4-ELIT,PSO,X4,ELIT,X,8480.0
PSO_X4-ELIT,PSO,X4,ELIT,X,8842.0
PSO_X4-ELIT,PSO,X4,ELIT,X,8783.0
PSO_X4-ELIT,PSO,X4,ELIT,X,8660.0
PSO_X4-ELIT,PSO,X4,ELIT,X,8990.0
PSO_X4-ELIT,PSO,X4,ELIT,X,8940.0
PSO_X4-ELIT,PSO,X4,ELIT,X,8653.0
PSO_X4-ELIT,PSO,X4,ELIT,X,8911.0
PSO_X4-ELIT,PSO,X4,ELIT,X,8751.0
PSO_Z1-STD,PSO,Z1,STD,Z,8660.0
PSO_Z1-STD,PSO,Z1,STD,Z,8544.0
PSO_Z1-STD,PSO,Z1,STD,Z,8177.0
PSO_Z1-STD,PSO,Z1,STD,Z,8810.0
PSO_Z1-STD,PSO,Z1,STD,Z,8478.0
PSO_Z1-STD,PSO,Z1,STD,Z,8686.0
PSO_Z1-STD,PSO,Z1,STD,Z,8940.0
PSO_Z1-STD,PSO,Z1,STD,Z,8842.0
PSO_Z1-STD,PSO,Z1,STD,Z,8586.0
PSO_Z1-STD,PSO,Z1,STD,Z,8512.0
PSO_Z1-STD,PSO,Z1,STD,Z,8318.0
PSO_Z1-STD,PSO,Z1,STD,Z,8788.0
PSO_Z1-STD,PSO,Z1,STD,Z,8586.0
PSO_Z1-STD,PSO,Z1,STD,Z,8781.0
PSO_Z1-STD,PSO,Z1,STD,Z,8911.0
PSO_Z1-STD,PSO,Z1,STD,Z,8759.0
PSO_Z1-STD,PSO,Z1,STD,Z,8323.0
PSO_Z1-STD,PSO,Z1,STD,Z,8842.0
PSO_Z1-STD,PSO,Z1,STD,Z,8788.0
PSO_Z1-STD,PSO,Z1,STD,Z,8781.0
PSO_Z1-STD,PSO,Z1,STD,Z,8810.0
PSO_Z1-STD,PSO,Z1,STD,Z,8525.0
PSO_Z1-STD,PSO,Z1,STD,Z,8810.0
PSO_Z1-STD,PSO,Z1,STD,Z,8842.0
PSO_Z1-STD,PSO,Z1,STD,Z,9147.0
PSO_Z1-STD,PSO,Z1,STD,Z,9147.0
PSO_Z1-STD,PSO,Z1,STD,Z,8810.0
PSO_Z1-STD,PSO,Z1,STD,Z,9147.0
PSO_Z1-STD,PSO,Z1,STD,Z,8229.0
PSO_Z1-STD,PSO,Z1,STD,Z,8601.0
PSO_Z1-STD,PSO,Z1,STD,Z,8929.0
PSO_Z2-STD,PSO,Z2,STD,Z,8817.0
PSO_Z2-STD,PSO,Z2,STD,Z,8638.0
PSO_Z2-STD,PSO,Z2,STD,Z,8145.0
PSO_Z2-STD,PSO,Z2,STD,Z,8808.0
PSO_Z2-STD,PSO,Z2,STD,Z,8911.0
PSO_Z2-STD,PSO,Z2,STD,Z,8382.0
PSO_Z2-STD,PSO,Z2,STD,Z,8687.0
PSO_Z2-STD,PSO,Z2,STD,Z,8842.0
PSO_Z2-STD,PSO,Z2,STD,Z,8940.0
PSO_Z2-STD,PSO,Z2,STD,Z,8471.0
PSO_Z2-STD,PSO,Z2,STD,Z,8940.0
PSO_Z2-STD,PSO,Z2,STD,Z,8810.0
PSO_Z2-STD,PSO,Z2,STD,Z,8911.0
PSO_Z2-STD,PSO,Z2,STD,Z,8810.0
PSO_Z2-STD,PSO,Z2,STD,Z,8810.0
PSO_Z2-STD,PSO,Z2,STD,Z,8842.0
PSO_Z2-STD,PSO,Z2,STD,Z,8783.0
PSO_Z2-STD,PSO,Z2,STD,Z,8781.0
PSO_Z2-STD,PSO,Z2,STD,Z,8601.0
PSO_Z2-STD,PSO,Z2,STD,Z,8940.0
PSO_Z2-STD,PSO,Z2,STD,Z,8660.0
PSO_Z2-STD,PSO,Z2,STD,Z,8940.0
PSO_Z2-STD,PSO,Z2,STD,Z,7962.0
PSO_Z2-STD,PSO,Z2,STD,Z,9147.0
PSO_Z2-STD,PSO,Z2,STD,Z,8392.0
PSO_Z2-STD,PSO,Z2,STD,Z,8394.0
PSO_Z2-STD,PSO,Z2,STD,Z,8783.0
PSO_Z2-STD,PSO,Z2,STD,Z,8579.0
PSO_Z2-STD,PSO,Z2,STD,Z,8940.0
PSO_Z2-STD,PSO,Z2,STD,Z,8687.0
PSO_Z2-STD,PSO,Z2,STD,Z,8781.0
PSO_Z3-STD,PSO,Z3,STD,Z,8817.0
PSO_Z3-STD,PSO,Z3,STD,Z,8911.0
PSO_Z3-STD,PSO,Z3,STD,Z,8756.0
PSO_Z3-STD,PSO,Z3,STD,Z,8554.0
PSO_Z3-STD,PSO,Z3,STD,Z,8686.0
PSO_Z3-STD,PSO,Z3,STD,Z,8781.0
PSO_Z3-STD,PSO,Z3,STD,Z,8788.0
PSO_Z3-STD,PSO,Z3,STD,Z,9147.0
PSO_Z3-STD,PSO,Z3,STD,Z,8817.0
PSO_Z3-STD,PSO,Z3,STD,Z,8788.0
PSO_Z3-STD,PSO,Z3,STD,Z,8817.0
PSO_Z3-STD,PSO,Z3,STD,Z,8525.0
PSO_Z3-STD,PSO,Z3,STD,Z,8628.0
PSO_Z3-STD,PSO,Z3,STD,Z,9147.0
PSO_Z3-STD,PSO,Z3,STD,Z,8817.0
PSO_Z3-STD,PSO,Z3,STD,Z,8940.0
PSO_Z3-STD,PSO,Z3,STD,Z,8911.0
PSO_Z3-STD,PSO,Z3,STD,Z,8719.0
PSO_Z3-STD,PSO,Z3,STD,Z,8897.0
PSO_Z3-STD,PSO,Z3,STD,Z,8412.0
PSO_Z3-STD,PSO,Z3,STD,Z,8781.0
PSO_Z3-STD,PSO,Z3,STD,Z,9147.0
PSO_Z3-STD,PSO,Z3,STD,Z,8911.0
PSO_Z3-STD,PSO,Z3,STD,Z,9147.0
PSO_Z3-STD,PSO,Z3,STD,Z,9147.0
PSO_Z3-STD,PSO,Z3,STD,Z,9147.0
PSO_Z3-STD,PSO,Z3,STD,Z,8719.0
PSO_Z3-STD,PSO,Z3,STD,Z,8911.0
PSO_Z3-STD,PSO,Z3,STD,Z,8017.0
PSO_Z3-STD,PSO,Z3,STD,Z,8478.0
PSO_Z3-STD,PSO,Z3,STD,Z,8929.0
PSO_Z4-STD,PSO,Z4,STD,Z,8416.0
PSO_Z4-STD,PSO,Z4,STD,Z,8817.0
PSO_Z4-STD,PSO,Z4,STD,Z,8654.0
PSO_Z4-STD,PSO,Z4,STD,Z,9147.0
PSO_Z4-STD,PSO,Z4,STD,Z,8337.0
PSO_Z4-STD,PSO,Z4,STD,Z,8842.0
PSO_Z4-STD,PSO,Z4,STD,Z,8751.0
PSO_Z4-STD,PSO,Z4,STD,Z,8692.0
PSO_Z4-STD,PSO,Z4,STD,Z,8628.0
PSO_Z4-STD,PSO,Z4,STD,Z,8692.0
PSO_Z4-STD,PSO,Z4,STD,Z,8756.0
PSO_Z4-STD,PSO,Z4,STD,Z,8658.0
PSO_Z4-STD,PSO,Z4,STD,Z,8990.0
PSO_Z4-STD,PSO,Z4,STD,Z,8911.0
PSO_Z4-STD,PSO,Z4,STD,Z,8817.0
PSO_Z4-STD,PSO,Z4,STD,Z,8810.0
PSO_Z4-STD,PSO,Z4,STD,Z,8781.0
PSO_Z4-STD,PSO,Z4,STD,Z,8661.0
PSO_Z4-STD,PSO,Z4,STD,Z,8810.0
PSO_Z4-STD,PSO,Z4,STD,Z,8788.0
PSO_Z4-STD,PSO,Z4,STD,Z,8512.0
PSO_Z4-STD,PSO,Z4,STD,Z,8810.0
PSO_Z4-STD,PSO,Z4,STD,Z,9147.0
PSO_Z4-STD,PSO,Z4,STD,Z,8781.0
PSO_Z4-STD,PSO,Z4,STD,Z,8940.0
PSO_Z4-STD,PSO,Z4,STD,Z,8940.0
PSO_Z4-STD,PSO,Z4,STD,Z,8239.0
PSO_Z4-STD,PSO,Z4,STD,Z,8628.0
PSO_Z4-STD,PSO,Z4,STD,Z,8911.0
PSO_Z4-STD,PSO,Z4,STD,Z,8199.0
PSO_Z4-STD,PSO,Z4,STD,Z,8599.0
PSO_Z1-COM,PSO,Z1,COM,Z,9147.0
PSO_Z1-COM,PSO,Z1,COM,Z,8817.0
PSO_Z1-COM,PSO,Z1,COM,Z,8990.0
PSO_Z1-COM,PSO,Z1,COM,Z,8911.0
PSO_Z1-COM,PSO,Z1,COM,Z,9147.0
PSO_Z1-COM,PSO,Z1,COM,Z,8592.0
PSO_Z1-COM,PSO,Z1,COM,Z,8158.0
PSO_Z1-COM,PSO,Z1,COM,Z,8579.0
PSO_Z1-COM,PSO,Z1,COM,Z,8842.0
PSO_Z1-COM,PSO,Z1,COM,Z,9147.0
PSO_Z1-COM,PSO,Z1,COM,Z,8990.0
PSO_Z1-COM,PSO,Z1,COM,Z,8842.0
PSO_Z1-COM,PSO,Z1,COM,Z,8751.0
PSO_Z1-COM,PSO,Z1,COM,Z,8756.0
PSO_Z1-COM,PSO,Z1,COM,Z,8756.0
PSO_Z1-COM,PSO,Z1,COM,Z,8285.0
PSO_Z1-COM,PSO,Z1,COM,Z,9147.0
PSO_Z1-COM,PSO,Z1,COM,Z,8842.0
PSO_Z1-COM,PSO,Z1,COM,Z,8658.0
PSO_Z1-COM,PSO,Z1,COM,Z,8628.0
PSO_Z1-COM,PSO,Z1,COM,Z,8394.0
PSO_Z1-COM,PSO,Z1,COM,Z,9147.0
PSO_Z1-COM,PSO,Z1,COM,Z,8719.0
PSO_Z1-COM,PSO,Z1,COM,Z,8810.0
PSO_Z1-COM,PSO,Z1,COM,Z,8351.0
PSO_Z1-COM,PSO,Z1,COM,Z,8508.0
PSO_Z1-COM,PSO,Z1,COM,Z,8842.0
PSO_Z1-COM,PSO,Z1,COM,Z,8153.0
PSO_Z1-COM,PSO,Z1,COM,Z,9147.0
PSO_Z1-COM,PSO,Z1,COM,Z,8842.0
PSO_Z1-COM,PSO,Z1,COM,Z,8709.0
PSO_Z2-COM,PSO,Z2,COM,Z,8418.0
PSO_Z2-COM,PSO,Z2,COM,Z,8940.0
PSO_Z2-COM,PSO,Z2,COM,Z,8810.0
PSO_Z2-COM,PSO,Z2,COM,Z,8756.0
PSO_Z2-COM,PSO,Z2,COM,Z,8719.0
PSO_Z2-COM,PSO,Z2,COM,Z,8842.0
PSO_Z2-COM,PSO,Z2,COM,Z,8810.0
PSO_Z2-COM,PSO,Z2,COM,Z,8911.0
PSO_Z2-COM,PSO,Z2,COM,Z,8601.0
PSO_Z2-COM,PSO,Z2,COM,Z,8756.0
PSO_Z2-COM,PSO,Z2,COM,Z,8709.0
PSO_Z2-COM,PSO,Z2,COM,Z,8911.0
PSO_Z2-COM,PSO,Z2,COM,Z,8254.0
PSO_Z2-COM,PSO,Z2,COM,Z,8788.0
PSO_Z2-COM,PSO,Z2,COM,Z,8388.0
PSO_Z2-COM,PSO,Z2,COM,Z,8657.0
PSO_Z2-COM,PSO,Z2,COM,Z,8842.0
PSO_Z2-COM,PSO,Z2,COM,Z,8471.0
PSO_Z2-COM,PSO,Z2,COM,Z,8490.0
PSO_Z2-COM,PSO,Z2,COM,Z,9147.0
PSO_Z2-COM,PSO,Z2,COM,Z,8375.0
PSO_Z2-COM,PSO,Z2,COM,Z,8940.0
PSO_Z2-COM,PSO,Z2,COM,Z,8911.0
PSO_Z2-COM,PSO,Z2,COM,Z,8554.0
PSO_Z2-COM,PSO,Z2,COM,Z,8808.0
PSO_Z2-COM,PSO,Z2,COM,Z,9147.0
PSO_Z2-COM,PSO,Z2,COM,Z,9147.0
PSO_Z2-COM,PSO,Z2,COM,Z,9147.0
PSO_Z2-COM,PSO,Z2,COM,Z,7929.0
PSO_Z2-COM,PSO,Z2,COM,Z,8990.0
PSO_Z2-COM,PSO,Z2,COM,Z,8661.0
PSO_Z3-COM,PSO,Z3,COM,Z,8817.0
PSO_Z3-COM,PSO,Z3,COM,Z,8810.0
PSO_Z3-COM,PSO,Z3,COM,Z,8525.0
PSO_Z3-COM,PSO,Z3,COM,Z,8686.0
PSO_Z3-COM,PSO,Z3,COM,Z,8788.0
PSO_Z3-COM,PSO,Z3,COM,Z,8842.0
PSO_Z3-COM,PSO,Z3,COM,Z,8599.0
PSO_Z3-COM,PSO,Z3,COM,Z,8810.0
PSO_Z3-COM,PSO,Z3,COM,Z,8751.0
PSO_Z3-COM,PSO,Z3,COM,Z,8660.0
PSO_Z3-COM,PSO,Z3,COM,Z,8471.0
PSO_Z3-COM,PSO,Z3,COM,Z,8480.0
PSO_Z3-COM,PSO,Z3,COM,Z,8781.0
PSO_Z3-COM,PSO,Z3,COM,Z,8599.0
PSO_Z3-COM,PSO,Z3,COM,Z,8783.0
PSO_Z3-COM,PSO,Z3,COM,Z,8817.0
PSO_Z3-COM,PSO,Z3,COM,Z,8481.0
PSO_Z3-COM,PSO,Z3,COM,Z,8990.0
PSO_Z3-COM,PSO,Z3,COM,Z,8810.0
PSO_Z3-COM,PSO,Z3,COM,Z,8602.0
PSO_Z3-COM,PSO,Z3,COM,Z,9147.0
PSO_Z3-COM,PSO,Z3,COM,Z,9147.0
PSO_Z3-COM,PSO,Z3,COM,Z,8911.0
PSO_Z3-COM,PSO,Z3,COM,Z,8810.0
PSO_Z3-COM,PSO,Z3,COM,Z,8756.0
PSO_Z3-COM,PSO,Z3,COM,Z,8653.0
PSO_Z3-COM,PSO,Z3,COM,Z,8940.0
PSO_Z3-COM,PSO,Z3,COM,Z,9147.0
PSO_Z3-COM,PSO,Z3,COM,Z,9147.0
PSO_Z3-COM,PSO,Z3,COM,Z,8569.0
PSO_Z3-COM,PSO,Z3,COM,Z,8990.0
PSO_Z4-COM,PSO,Z4,COM,Z,8308.0
PSO_Z4-COM,PSO,Z4,COM,Z,8569.0
PSO_Z4-COM,PSO,Z4,COM,Z,8817.0
PSO_Z4-COM,PSO,Z4,COM,Z,8783.0
PSO_Z4-COM,PSO,Z4,COM,Z,8151.0
PSO_Z4-COM,PSO,Z4,COM,Z,8759.0
PSO_Z4-COM,PSO,Z4,COM,Z,8686.0
PSO_Z4-COM,PSO,Z4,COM,Z,8817.0
PSO_Z4-COM,PSO,Z4,COM,Z,9147.0
PSO_Z4-COM,PSO,Z4,COM,Z,8713.0
PSO_Z4-COM,PSO,Z4,COM,Z,8416.0
PSO_Z4-COM,PSO,Z4,COM,Z,9147.0
PSO_Z4-COM,PSO,Z4,COM,Z,8842.0
PSO_Z4-COM,PSO,Z4,COM,Z,8810.0
PSO_Z4-COM,PSO,Z4,COM,Z,8456.0
PSO_Z4-COM,PSO,Z4,COM,Z,8268.0
PSO_Z4-COM,PSO,Z4,COM,Z,8940.0
PSO_Z4-COM,PSO,Z4,COM,Z,8781.0
PSO_Z4-COM,PSO,Z4,COM,Z,8653.0
PSO_Z4-COM,PSO,Z4,COM,Z,8756.0
PSO_Z4-COM,PSO,Z4,COM,Z,8397.0
PSO_Z4-COM,PSO,Z4,COM,Z,8808.0
PSO_Z4-COM,PSO,Z4,COM,Z,8709.0
PSO_Z4-COM,PSO,Z4,COM,Z,9147.0
PSO_Z4-COM,PSO,Z4,COM,Z,8206.0
PSO_Z4-COM,PSO,Z4,COM,Z,8615.0
PSO_Z4-COM,PSO,Z4,COM,Z,7844.0
PSO_Z4-COM,PSO,Z4,COM,Z,8940.0
PSO_Z4-COM,PSO,Z4,COM,Z,8788.0
PSO_Z4-COM,PSO,Z4,COM,Z,8586.0
PSO_Z4-COM,PSO,Z4,COM,Z,8719.0
PSO_Z1-ELIT,PSO,Z1,ELIT,Z,8783.0
PSO_Z1-ELIT,PSO,Z1,ELIT,Z,8810.0
PSO_Z1-ELIT,PSO,Z1,ELIT,Z,8530.0
PSO_Z1-ELIT,PSO,Z1,ELIT,Z,8990.0
PSO_Z1-ELIT,PSO,Z1,ELIT,Z,8810.0
PSO_Z1-ELIT,PSO,Z1,ELIT,Z,8842.0
PSO_Z1-ELIT,PSO,Z1,ELIT,Z,8783.0
PSO_Z1-ELIT,PSO,Z1,ELIT,Z,8817.0
PSO_Z1-ELIT,PSO,Z1,ELIT,Z,9147.0
PSO_Z1-ELIT,PSO,Z1,ELIT,Z,8897.0
PSO_Z1-ELIT,PSO,Z1,ELIT,Z,8569.0
PSO_Z1-ELIT,PSO,Z1,ELIT,Z,8661.0
PSO_Z1-ELIT,PSO,Z1,ELIT,Z,8940.0
PSO_Z1-ELIT,PSO,Z1,ELIT,Z,8810.0
PSO_Z1-ELIT,PSO,Z1,ELIT,Z,8380.0
PSO_Z1-ELIT,PSO,Z1,ELIT,Z,8490.0
PSO_Z1-ELIT,PSO,Z1,ELIT,Z,9147.0
PSO_Z1-ELIT,PSO,Z1,ELIT,Z,8810.0
PSO_Z1-ELIT,PSO,Z1,ELIT,Z,8842.0
PSO_Z1-ELIT,PSO,Z1,ELIT,Z,8382.0
PSO_Z1-ELIT,PSO,Z1,ELIT,Z,8990.0
PSO_Z1-ELIT,PSO,Z1,ELIT,Z,8940.0
PSO_Z1-ELIT,PSO,Z1,ELIT,Z,8810.0
PSO_Z1-ELIT,PSO,Z1,ELIT,Z,8788.0
PSO_Z1-ELIT,PSO,Z1,ELIT,Z,8380.0
PSO_Z1-ELIT,PSO,Z1,ELIT,Z,8940.0
PSO_Z1-ELIT,PSO,Z1,ELIT,Z,8990.0
PSO_Z1-ELIT,PSO,Z1,ELIT,Z,8808.0
PSO_Z1-ELIT,PSO,Z1,ELIT,Z,9147.0
PSO_Z1-ELIT,PSO,Z1,ELIT,Z,8323.0
PSO_Z1-ELIT,PSO,Z1,ELIT,Z,8756.0
PSO_Z2-ELIT,PSO,Z2,ELIT,Z,8079.0
PSO_Z2-ELIT,PSO,Z2,ELIT,Z,8451.0
PSO_Z2-ELIT,PSO,Z2,ELIT,Z,8783.0
PSO_Z2-ELIT,PSO,Z2,ELIT,Z,8279.0
PSO_Z2-ELIT,PSO,Z2,ELIT,Z,8687.0
PSO_Z2-ELIT,PSO,Z2,ELIT,Z,8810.0
PSO_Z2-ELIT,PSO,Z2,ELIT,Z,8842.0
PSO_Z2-ELIT,PSO,Z2,ELIT,Z,8569.0
PSO_Z2-ELIT,PSO,Z2,ELIT,Z,8135.0
PSO_Z2-ELIT,PSO,Z2,ELIT,Z,8530.0
PSO_Z2-ELIT,PSO,Z2,ELIT,Z,8337.0
PSO_Z2-ELIT,PSO,Z2,ELIT,Z,8759.0
PSO_Z2-ELIT,PSO,Z2,ELIT,Z,8817.0
PSO_Z2-ELIT,PSO,Z2,ELIT,Z,8719.0
PSO_Z2-ELIT,PSO,Z2,ELIT,Z,8817.0
PSO_Z2-ELIT,PSO,Z2,ELIT,Z,8687.0
PSO_Z2-ELIT,PSO,Z2,ELIT,Z,8783.0
PSO_Z2-ELIT,PSO,Z2,ELIT,Z,8940.0
PSO_Z2-ELIT,PSO,Z2,ELIT,Z,8810.0
PSO_Z2-ELIT,PSO,Z2,ELIT,Z,9147.0
PSO_Z2-ELIT,PSO,Z2,ELIT,Z,8990.0
PSO_Z2-ELIT,PSO,Z2,ELIT,Z,8940.0
PSO_Z2-ELIT,PSO,Z2,ELIT,Z,9147.0
PSO_Z2-ELIT,PSO,Z2,ELIT,Z,8808.0
PSO_Z2-ELIT,PSO,Z2,ELIT,Z,8810.0
PSO_Z2-ELIT,PSO,Z2,ELIT,Z,8783.0
PSO_Z2-ELIT,PSO,Z2,ELIT,Z,8259.0
PSO_Z2-ELIT,PSO,Z2,ELIT,Z,8660.0
PSO_Z2-ELIT,PSO,Z2,ELIT,Z,8660.0
PSO_Z2-ELIT,PSO,Z2,ELIT,Z,8810.0
PSO_Z2-ELIT,PSO,Z2,ELIT,Z,8810.0
PSO_Z3-ELIT,PSO,Z3,ELIT,Z,8471.0
PSO_Z3-ELIT,PSO,Z3,ELIT,Z,8709.0
PSO_Z3-ELIT,PSO,Z3,ELIT,Z,8599.0
PSO_Z3-ELIT,PSO,Z3,ELIT,Z,8658.0
PSO_Z3-ELIT,PSO,Z3,ELIT,Z,8687.0
PSO_Z3-ELIT,PSO,Z3,ELIT,Z,8478.0
PSO_Z3-ELIT,PSO,Z3,ELIT,Z,9147.0
PSO_Z3-ELIT,PSO,Z3,ELIT,Z,8687.0
PSO_Z3-ELIT,PSO,Z3,ELIT,Z,8455.0
PSO_Z3-ELIT,PSO,Z3,ELIT,Z,8227.0
PSO_Z3-ELIT,PSO,Z3,ELIT,Z,8692.0
PSO_Z3-ELIT,PSO,Z3,ELIT,Z,8940.0
PSO_Z3-ELIT,PSO,Z3,ELIT,Z,8569.0
PSO_Z3-ELIT,PSO,Z3,ELIT,Z,8382.0
PSO_Z3-ELIT,PSO,Z3,ELIT,Z,8808.0
PSO_Z3-ELIT,PSO,Z3,ELIT,Z,8525.0
PSO_Z3-ELIT,PSO,Z3,ELIT,Z,8817.0
PSO_Z3-ELIT,PSO,Z3,ELIT,Z,8556.0
PSO_Z3-ELIT,PSO,Z3,ELIT,Z,8990.0
PSO_Z3-ELIT,PSO,Z3,ELIT,Z,8709.0
PSO_Z3-ELIT,PSO,Z3,ELIT,Z,8388.0
PSO_Z3-ELIT,PSO,Z3,ELIT,Z,8286.0
PSO_Z3-ELIT,PSO,Z3,ELIT,Z,8579.0
PSO_Z3-ELIT,PSO,Z3,ELIT,Z,8599.0
PSO_Z3-ELIT,PSO,Z3,ELIT,Z,8629.0
PSO_Z3-ELIT,PSO,Z3,ELIT,Z,8783.0
PSO_Z3-ELIT,PSO,Z3,ELIT,Z,8556.0
PSO_Z3-ELIT,PSO,Z3,ELIT,Z,8207.0
PSO_Z3-ELIT,PSO,Z3,ELIT,Z,8940.0
PSO_Z3-ELIT,PSO,Z3,ELIT,Z,8751.0
PSO_Z3-ELIT,PSO,Z3,ELIT,Z,8808.0
PSO_Z4-ELIT,PSO,Z4,ELIT,Z,8781.0
PSO_Z4-ELIT,PSO,Z4,ELIT,Z,8911.0
PSO_Z4-ELIT,PSO,Z4,ELIT,Z,8990.0
PSO_Z4-ELIT,PSO,Z4,ELIT,Z,8940.0
PSO_Z4-ELIT,PSO,Z4,ELIT,Z,8940.0
PSO_Z4-ELIT,PSO,Z4,ELIT,Z,8709.0
PSO_Z4-ELIT,PSO,Z4,ELIT,Z,8000.0
PSO_Z4-ELIT,PSO,Z4,ELIT,Z,8783.0
PSO_Z4-ELIT,PSO,Z4,ELIT,Z,8842.0
PSO_Z4-ELIT,PSO,Z4,ELIT,Z,8719.0
PSO_Z4-ELIT,PSO,Z4,ELIT,Z,8911.0
PSO_Z4-ELIT,PSO,Z4,ELIT,Z,8530.0
PSO_Z4-ELIT,PSO,Z4,ELIT,Z,9147.0
PSO_Z4-ELIT,PSO,Z4,ELIT,Z,8286.0
PSO_Z4-ELIT,PSO,Z4,ELIT,Z,8207.0
PSO_Z4-ELIT,PSO,Z4,ELIT,Z,9147.0
PSO_Z4-ELIT,PSO,Z4,ELIT,Z,8783.0
PSO_Z4-ELIT,PSO,Z4,ELIT,Z,8911.0
PSO_Z4-ELIT,PSO,Z4,ELIT,Z,8911.0
PSO_Z4-ELIT,PSO,Z4,ELIT,Z,8911.0
PSO_Z4-ELIT,PSO,Z4,ELIT,Z,8911.0
PSO_Z4-ELIT,PSO,Z4,ELIT,Z,8788.0
PSO_Z4-ELIT,PSO,Z4,ELIT,Z,8929.0
PSO_Z4-ELIT,PSO,Z4,ELIT,Z,8929.0
PSO_Z4-ELIT,PSO,Z4,ELIT,Z,8781.0
PSO_Z4-ELIT,PSO,Z4,ELIT,Z,8817.0
PSO_Z4-ELIT,PSO,Z4,ELIT,Z,9147.0
PSO_Z4-ELIT,PSO,Z4,ELIT,Z,9147.0
PSO_Z4-ELIT,PSO,Z4,ELIT,Z,8455.0
PSO_Z4-ELIT,PSO,Z4,ELIT,Z,9147.0
PSO_Z4-ELIT,PSO,Z4,ELIT,Z,8940.0
GWO_S1-STD,GWO,S1,STD,S,9147.0
GWO_S1-STD,GWO,S1,STD,S,9147.0
GWO_S1-STD,GWO,S1,STD,S,9147.0
GWO_S1-STD,GWO,S1,STD,S,9147.0
GWO_S1-STD,GWO,S1,STD,S,9147.0
GWO_S1-STD,GWO,S1,STD,S,9147.0
GWO_S1-STD,GWO,S1,STD,S,9147.0
GWO_S1-STD,GWO,S1,STD,S,9147.0
GWO_S1-STD,GWO,S1,STD,S,9147.0
GWO_S1-STD,GWO,S1,STD,S,9147.0
GWO_S1-STD,GWO,S1,STD,S,9147.0
GWO_S1-STD,GWO,S1,STD,S,9147.0
GWO_S1-STD,GWO,S1,STD,S,9147.0
GWO_S1-STD,GWO,S1,STD,S,9147.0
GWO_S1-STD,GWO,S1,STD,S,9147.0
GWO_S1-STD,GWO,S1,STD,S,9147.0
GWO_S1-STD,GWO,S1,STD,S,9147.0
GWO_S1-STD,GWO,S1,STD,S,9147.0
GWO_S1-STD,GWO,S1,STD,S,9147.0
GWO_S1-STD,GWO,S1,STD,S,9147.0
GWO_S1-STD,GWO,S1,STD,S,9147.0
GWO_S1-STD,GWO,S1,STD,S,9147.0
GWO_S1-STD,GWO,S1,STD,S,9147.0
GWO_S1-STD,GWO,S1,STD,S,9147.0
GWO_S1-STD,GWO,S1,STD,S,9147.0
GWO_S1-STD,GWO,S1,STD,S,9147.0
GWO_S1-STD,GWO,S1,STD,S,9147.0
GWO_S1-STD,GWO,S1,STD,S,9147.0
GWO_S1-STD,GWO,S1,STD,S,9147.0
GWO_S1-STD,GWO,S1,STD,S,9147.0
GWO_S1-STD,GWO,S1,STD,S,9147.0
GWO_S2-STD,GWO,S2,STD,S,9147.0
GWO_S2-STD,GWO,S2,STD,S,9147.0
GWO_S2-STD,GWO,S2,STD,S,9147.0
GWO_S2-STD,GWO,S2,STD,S,9147.0
GWO_S2-STD,GWO,S2,STD,S,9147.0
GWO_S2-STD,GWO,S2,STD,S,9147.0
GWO_S2-STD,GWO,S2,STD,S,9147.0
GWO_S2-STD,GWO,S2,STD,S,9147.0
GWO_S2-STD,GWO,S2,STD,S,9147.0
GWO_S2-STD,GWO,S2,STD,S,9147.0
GWO_S2-STD,GWO,S2,STD,S,9147.0
GWO_S2-STD,GWO,S2,STD,S,9147.0
GWO_S2-STD,GWO,S2,STD,S,9147.0
GWO_S2-STD,GWO,S2,STD,S,9147.0
GWO_S2-STD,GWO,S2,STD,S,9147.0
GWO_S2-STD,GWO,S2,STD,S,9147.0
GWO_S2-STD,GWO,S2,STD,S,9147.0
GWO_S2-STD,GWO,S2,STD,S,9147.0
GWO_S2-STD,GWO,S2,STD,S,9147.0
GWO_S2-STD,GWO,S2,STD,S,9147.0
GWO_S2-STD,GWO,S2,STD,S,9147.0
GWO_S2-STD,GWO,S2,STD,S,9147.0
GWO_S2-STD,GWO,S2,STD,S,9147.0
GWO_S2-STD,GWO,S2,STD,S,9147.0
GWO_S2-STD,GWO,S2,STD,S,9147.0
GWO_S2-STD,GWO,S2,STD,S,9147.0
GWO_S2-STD,GWO,S2,STD,S,9147.0
GWO_S2-STD,GWO,S2,STD,S,9147.0
GWO_S2-STD,GWO,S2,STD,S,9147.0
GWO_S2-STD,GWO,S2,STD,S,9147.0
GWO_S2-STD,GWO,S2,STD,S,9147.0
GWO_S3-STD,GWO,S3,STD,S,9147.0
GWO_S3-STD,GWO,S3,STD,S,9147.0
GWO_S3-STD,GWO,S3,STD,S,9147.0
GWO_S3-STD,GWO,S3,STD,S,9147.0
GWO_S3-STD,GWO,S3,STD,S,9147.0
GWO_S3-STD,GWO,S3,STD,S,9147.0
GWO_S3-STD,GWO,S3,STD,S,9147.0
GWO_S3-STD,GWO,S3,STD,S,9147.0
GWO_S3-STD,GWO,S3,STD,S,9147.0
GWO_S3-STD,GWO,S3,STD,S,9147.0
GWO_S3-STD,GWO,S3,STD,S,9147.0
GWO_S3-STD,GWO,S3,STD,S,9147.0
GWO_S3-STD,GWO,S3,STD,S,9147.0
GWO_S3-STD,GWO,S3,STD,S,9147.0
GWO_S3-STD,GWO,S3,STD,S,9147.0
GWO_S3-STD,GWO,S3,STD,S,9147.0
GWO_S3-STD,GWO,S3,STD,S,9147.0
GWO_S3-STD,GWO,S3,STD,S,9147.0
GWO_S3-STD,GWO,S3,STD,S,9147.0
GWO_S3-STD,GWO,S3,STD,S,9147.0
GWO_S3-STD,GWO,S3,STD,S,9147.0
GWO_S3-STD,GWO,S3,STD,S,9147.0
GWO_S3-STD,GWO,S3,STD,S,9147.0
GWO_S3-STD,GWO,S3,STD,S,9147.0
GWO_S3-STD,GWO,S3,STD,S,9147.0
GWO_S3-STD,GWO,S3,STD,S,9147.0
GWO_S3-STD,GWO,S3,STD,S,9147.0
GWO_S3-STD,GWO,S3,STD,S,9147.0
GWO_S3-STD,GWO,S3,STD,S,9147.0
GWO_S3-STD,GWO,S3,STD,S,9147.0
GWO_S3-STD,GWO,S3,STD,S,9147.0
GWO_S4-STD,GWO,S4,STD,S,9147.0
GWO_S4-STD,GWO,S4,STD,S,9147.0
GWO_S4-STD,GWO,S4,STD,S,9147.0
GWO_S4-STD,GWO,S4,STD,S,9147.0
GWO_S4-STD,GWO,S4,STD,S,9147.0
GWO_S4-STD,GWO,S4,STD,S,9147.0
GWO_S4-STD,GWO,S4,STD,S,9147.0
GWO_S4-STD,GWO,S4,STD,S,9147.0
GWO_S4-STD,GWO,S4,STD,S,9147.0
GWO_S4-STD,GWO,S4,STD,S,9147.0
GWO_S4-STD,GWO,S4,STD,S,9147.0
GWO_S4-STD,GWO,S4,STD,S,9147.0
GWO_S4-STD,GWO,S4,STD,S,9147.0
GWO_S4-STD,GWO,S4,STD,S,9147.0
GWO_S4-STD,GWO,S4,STD,S,9147.0
GWO_S4-STD,GWO,S4,STD,S,9147.0
GWO_S4-STD,GWO,S4,STD,S,9147.0
GWO_S4-STD,GWO,S4,STD,S,9147.0
GWO_S4-STD,GWO,S4,STD,S,9147.0
GWO_S4-STD,GWO,S4,STD,S,9147.0
GWO_S4-STD,GWO,S4,STD,S,9147.0
GWO_S4-STD,GWO,S4,STD,S,9147.0
GWO_S4-STD,GWO,S4,STD,S,9147.0
GWO_S4-STD,GWO,S4,STD,S,9147.0
GWO_S4-STD,GWO,S4,STD,S,9147.0
GWO_S4-STD,GWO,S4,STD,S,9147.0
GWO_S4-STD,GWO,S4,STD,S,9147.0
GWO_S4-STD,GWO,S4,STD,S,9147.0
GWO_S4-STD,GWO,S4,STD,S,9147.0
GWO_S4-STD,GWO,S4,STD,S,9147.0
GWO_S4-STD,GWO,S4,STD,S,9147.0
GWO_S1-COM,GWO,S1,COM,S,9147.0
GWO_S1-COM,GWO,S1,COM,S,9147.0
GWO_S1-COM,GWO,S1,COM,S,8990.0
GWO_S1-COM,GWO,S1,COM,S,9147.0
GWO_S1-COM,GWO,S1,COM,S,9147.0
GWO_S1-COM,GWO,S1,COM,S,9147.0
GWO_S1-COM,GWO,S1,COM,S,9147.0
GWO_S1-COM,GWO,S1,COM,S,9147.0
GWO_S1-COM,GWO,S1,COM,S,9147.0
GWO_S1-COM,GWO,S1,COM,S,9147.0
GWO_S1-COM,GWO,S1,COM,S,9147.0
GWO_S1-COM,GWO,S1,COM,S,9147.0
GWO_S1-COM,GWO,S1,COM,S,9147.0
GWO_S1-COM,GWO,S1,COM,S,9147.0
GWO_S1-COM,GWO,S1,COM,S,9147.0
GWO_S1-COM,GWO,S1,COM,S,9147.0
GWO_S1-COM,GWO,S1,COM,S,9147.0
GWO_S1-COM,GWO,S1,COM,S,9147.0
GWO_S1-COM,GWO,S1,COM,S,9147.0
GWO_S1-COM,GWO,S1,COM,S,9147.0
GWO_S1-COM,GWO,S1,COM,S,9147.0
GWO_S1-COM,GWO,S1,COM,S,9147.0
GWO_S1-COM,GWO,S1,COM,S,9147.0
GWO_S1-COM,GWO,S1,COM,S,9147.0
GWO_S1-COM,GWO,S1,COM,S,8990.0
GWO_S1-COM,GWO,S1,COM,S,9147.0
GWO_S1-COM,GWO,S1,COM,S,9147.0
GWO_S1-COM,GWO,S1,COM,S,9147.0
GWO_S1-COM,GWO,S1,COM,S,9147.0
GWO_S1-COM,GWO,S1,COM,S,9147.0
GWO_S1-COM,GWO,S1,COM,S,9147.0
GWO_S2-COM,GWO,S2,COM,S,9147.0
GWO_S2-COM,GWO,S2,COM,S,9147.0
GWO_S2-COM,GWO,S2,COM,S,9147.0
GWO_S2-COM,GWO,S2,COM,S,9147.0
GWO_S2-COM,GWO,S2,COM,S,9147.0
GWO_S2-COM,GWO,S2,COM,S,9147.0
GWO_S2-COM,GWO,S2,COM,S,9147.0
GWO_S2-COM,GWO,S2,COM,S,9147.0
GWO_S2-COM,GWO,S2,COM,S,9147.0
GWO_S2-COM,GWO,S2,COM,S,9147.0
GWO_S2-COM,GWO,S2,COM,S,9147.0
GWO_S2-COM,GWO,S2,COM,S,9147.0
GWO_S2-COM,GWO,S2,COM,S,9147.0
GWO_S2-COM,GWO,S2,COM,S,9147.0
GWO_S2-COM,GWO,S2,COM,S,9147.0
GWO_S2-COM,GWO,S2,COM,S,9147.0
GWO_S2-COM,GWO,S2,COM,S,9147.0
GWO_S2-COM,GWO,S2,COM,S,9147.0
GWO_S2-COM,GWO,S2,COM,S,9147.0
GWO_S2-COM,GWO,S2,COM,S,9147.0
GWO_S2-COM,GWO,S2,COM,S,9147.0
GWO_S2-COM,GWO,S2,COM,S,9147.0
GWO_S2-COM,GWO,S2,COM,S,9147.0
GWO_S2-COM,GWO,S2,COM,S,9147.0
GWO_S2-COM,GWO,S2,COM,S,9147.0
GWO_S2-COM,GWO,S2,COM,S,9147.0
GWO_S2-COM,GWO,S2,COM,S,9147.0
GWO_S2-COM,GWO,S2,COM,S,9147.0
GWO_S2-COM,GWO,S2,COM,S,9147.0
GWO_S2-COM,GWO,S2,COM,S,9147.0
GWO_S2-COM,GWO,S2,COM,S,9147.0
GWO_S3-COM,GWO,S3,COM,S,9147.0
GWO_S3-COM,GWO,S3,COM,S,9147.0
GWO_S3-COM,GWO,S3,COM,S,9147.0
GWO_S3-COM,GWO,S3,COM,S,9147.0
GWO_S3-COM,GWO,S3,COM,S,9147.0
GWO_S3-COM,GWO,S3,COM,S,9147.0
GWO_S3-COM,GWO,S3,COM,S,9147.0
GWO_S3-COM,GWO,S3,COM,S,9147.0
GWO_S3-COM,GWO,S3,COM,S,9147.0
GWO_S3-COM,GWO,S3,COM,S,9147.0
GWO_S3-COM,GWO,S3,COM,S,9147.0
GWO_S3-COM,GWO,S3,COM,S,9147.0
GWO_S3-COM,GWO,S3,COM,S,9147.0
GWO_S3-COM,GWO,S3,COM,S,9147.0
GWO_S3-COM,GWO,S3,COM,S,9147.0
GWO_S3-COM,GWO,S3,COM,S,9147.0
GWO_S3-COM,GWO,S3,COM,S,9147.0
GWO_S3-COM,GWO,S3,COM,S,9147.0
GWO_S3-COM,GWO,S3,COM,S,9147.0
GWO_S3-COM,GWO,S3,COM,S,9147.0
GWO_S3-COM,GWO,S3,COM,S,8940.0
GWO_S3-COM,GWO,S3,COM,S,9147.0
GWO_S3-COM,GWO,S3,COM,S,9147.0
GWO_S3-COM,GWO,S3,COM,S,9147.0
GWO_S3-COM,GWO,S3,COM,S,9147.0
GWO_S3-COM,GWO,S3,COM,S,9147.0
GWO_S3-COM,GWO,S3,COM,S,9147.0
GWO_S3-COM,GWO,S3,COM,S,9147.0
GWO_S3-COM,GWO,S3,COM,S,9147.0
GWO_S3-COM,GWO,S3,COM,S,9147.0
GWO_S3-COM,GWO,S3,COM,S,9147.0
GWO_S4-COM,GWO,S4,COM,S,9147.0
GWO_S4-COM,GWO,S4,COM,S,9147.0
GWO_S4-COM,GWO,S4,COM,S,9147.0
GWO_S4-COM,GWO,S4,COM,S,9147.0
GWO_S4-COM,GWO,S4,COM,S,9147.0
GWO_S4-COM,GWO,S4,COM,S,9147.0
GWO_S4-COM,GWO,S4,COM,S,9147.0
GWO_S4-COM,GWO,S4,COM,S,9147.0
GWO_S4-COM,GWO,S4,COM,S,9147.0
GWO_S4-COM,GWO,S4,COM,S,8940.0
GWO_S4-COM,GWO,S4,COM,S,8940.0
GWO_S4-COM,GWO,S4,COM,S,9147.0
GWO_S4-COM,GWO,S4,COM,S,8940.0
GWO_S4-COM,GWO,S4,COM,S,9147.0
GWO_S4-COM,GWO,S4,COM,S,8990.0
GWO_S4-COM,GWO,S4,COM,S,9147.0
GWO_S4-COM,GWO,S4,COM,S,9147.0
GWO_S4-COM,GWO,S4,COM,S,9147.0
GWO_S4-COM,GWO,S4,COM,S,9147.0
GWO_S4-COM,GWO,S4,COM,S,9147.0
GWO_S4-COM,GWO,S4,COM,S,9147.0
GWO_S4-COM,GWO,S4,COM,S,9147.0
GWO_S4-COM,GWO,S4,COM,S,9147.0
GWO_S4-COM,GWO,S4,COM,S,9147.0
GWO_S4-COM,GWO,S4,COM,S,9147.0
GWO_S4-COM,GWO,S4,COM,S,9147.0
GWO_S4-COM,GWO,S4,COM,S,9147.0
GWO_S4-COM,GWO,S4,COM,S,9147.0
GWO_S4-COM,GWO,S4,COM,S,9147.0
GWO_S4-COM,GWO,S4,COM,S,9147.0
GWO_S4-COM,GWO,S4,COM,S,9147.0
GWO_S1-ELIT,GWO,S1,ELIT,S,8990.0
GWO_S1-ELIT,GWO,S1,ELIT,S,8940.0
GWO_S1-ELIT,GWO,S1,ELIT,S,8788.0
GWO_S1-ELIT,GWO,S1,ELIT,S,8911.0
GWO_S1-ELIT,GWO,S1,ELIT,S,8660.0
GWO_S1-ELIT,GWO,S1,ELIT,S,9147.0
GWO_S1-ELIT,GWO,S1,ELIT,S,8990.0
GWO_S1-ELIT,GWO,S1,ELIT,S,8788.0
GWO_S1-ELIT,GWO,S1,ELIT,S,8911.0
GWO_S1-ELIT,GWO,S1,ELIT,S,8599.0
GWO_S1-ELIT,GWO,S1,ELIT,S,8808.0
GWO_S1-ELIT,GWO,S1,ELIT,S,9147.0
GWO_S1-ELIT,GWO,S1,ELIT,S,8842.0
GWO_S1-ELIT,GWO,S1,ELIT,S,8719.0
GWO_S1-ELIT,GWO,S1,ELIT,S,8781.0
GWO_S1-ELIT,GWO,S1,ELIT,S,8788.0
GWO_S1-ELIT,GWO,S1,ELIT,S,8569.0
GWO_S1-ELIT,GWO,S1,ELIT,S,8911.0
GWO_S1-ELIT,GWO,S1,ELIT,S,8990.0
GWO_S1-ELIT,GWO,S1,ELIT,S,8810.0
GWO_S1-ELIT,GWO,S1,ELIT,S,9147.0
GWO_S1-ELIT,GWO,S1,ELIT,S,8318.0
GWO_S1-ELIT,GWO,S1,ELIT,S,8592.0
GWO_S1-ELIT,GWO,S1,ELIT,S,8842.0
GWO_S1-ELIT,GWO,S1,ELIT,S,8842.0
GWO_S1-ELIT,GWO,S1,ELIT,S,8658.0
GWO_S1-ELIT,GWO,S1,ELIT,S,8719.0
GWO_S1-ELIT,GWO,S1,ELIT,S,9147.0
GWO_S1-ELIT,GWO,S1,ELIT,S,9147.0
GWO_S1-ELIT,GWO,S1,ELIT,S,8348.0
GWO_S1-ELIT,GWO,S1,ELIT,S,8544.0
GWO_S2-ELIT,GWO,S2,ELIT,S,8929.0
GWO_S2-ELIT,GWO,S2,ELIT,S,8940.0
GWO_S2-ELIT,GWO,S2,ELIT,S,8817.0
GWO_S2-ELIT,GWO,S2,ELIT,S,8842.0
GWO_S2-ELIT,GWO,S2,ELIT,S,8911.0
GWO_S2-ELIT,GWO,S2,ELIT,S,8817.0
GWO_S2-ELIT,GWO,S2,ELIT,S,8783.0
GWO_S2-ELIT,GWO,S2,ELIT,S,9147.0
GWO_S2-ELIT,GWO,S2,ELIT,S,8719.0
GWO_S2-ELIT,GWO,S2,ELIT,S,8218.0
GWO_S2-ELIT,GWO,S2,ELIT,S,8817.0
GWO_S2-ELIT,GWO,S2,ELIT,S,8686.0
GWO_S2-ELIT,GWO,S2,ELIT,S,9147.0
GWO_S2-ELIT,GWO,S2,ELIT,S,9147.0
GWO_S2-ELIT,GWO,S2,ELIT,S,9147.0
GWO_S2-ELIT,GWO,S2,ELIT,S,8751.0
GWO_S2-ELIT,GWO,S2,ELIT,S,8940.0
GWO_S2-ELIT,GWO,S2,ELIT,S,8631.0
GWO_S2-ELIT,GWO,S2,ELIT,S,8751.0
GWO_S2-ELIT,GWO,S2,ELIT,S,8788.0
GWO_S2-ELIT,GWO,S2,ELIT,S,8817.0
GWO_S2-ELIT,GWO,S2,ELIT,S,8692.0
GWO_S2-ELIT,GWO,S2,ELIT,S,9147.0
GWO_S2-ELIT,GWO,S2,ELIT,S,8817.0
GWO_S2-ELIT,GWO,S2,ELIT,S,8423.0
GWO_S2-ELIT,GWO,S2,ELIT,S,8599.0
GWO_S2-ELIT,GWO,S2,ELIT,S,8990.0
GWO_S2-ELIT,GWO,S2,ELIT,S,8449.0
GWO_S2-ELIT,GWO,S2,ELIT,S,8940.0
GWO_S2-ELIT,GWO,S2,ELIT,S,8817.0
GWO_S2-ELIT,GWO,S2,ELIT,S,8068.0
GWO_S3-ELIT,GWO,S3,ELIT,S,8660.0
GWO_S3-ELIT,GWO,S3,ELIT,S,8525.0
GWO_S3-ELIT,GWO,S3,ELIT,S,8810.0
GWO_S3-ELIT,GWO,S3,ELIT,S,8653.0
GWO_S3-ELIT,GWO,S3,ELIT,S,8719.0
GWO_S3-ELIT,GWO,S3,ELIT,S,8687.0
GWO_S3-ELIT,GWO,S3,ELIT,S,9147.0
GWO_S3-ELIT,GWO,S3,ELIT,S,8756.0
GWO_S3-ELIT,GWO,S3,ELIT,S,8628.0
GWO_S3-ELIT,GWO,S3,ELIT,S,8449.0
GWO_S3-ELIT,GWO,S3,ELIT,S,8536.0
GWO_S3-ELIT,GWO,S3,ELIT,S,8418.0
GWO_S3-ELIT,GWO,S3,ELIT,S,8842.0
GWO_S3-ELIT,GWO,S3,ELIT,S,8781.0
GWO_S3-ELIT,GWO,S3,ELIT,S,8481.0
GWO_S3-ELIT,GWO,S3,ELIT,S,8653.0
GWO_S3-ELIT,GWO,S3,ELIT,S,9147.0
GWO_S3-ELIT,GWO,S3,ELIT,S,8817.0
GWO_S3-ELIT,GWO,S3,ELIT,S,8216.0
GWO_S3-ELIT,GWO,S3,ELIT,S,9147.0
GWO_S3-ELIT,GWO,S3,ELIT,S,8579.0
GWO_S3-ELIT,GWO,S3,ELIT,S,9147.0
GWO_S3-ELIT,GWO,S3,ELIT,S,8653.0
GWO_S3-ELIT,GWO,S3,ELIT,S,8817.0
GWO_S3-ELIT,GWO,S3,ELIT,S,8911.0
GWO_S3-ELIT,GWO,S3,ELIT,S,8842.0
GWO_S3-ELIT,GWO,S3,ELIT,S,8660.0
GWO_S3-ELIT,GWO,S3,ELIT,S,7930.0
GWO_S3-ELIT,GWO,S3,ELIT,S,9147.0
GWO_S3-ELIT,GWO,S3,ELIT,S,8653.0
GWO_S3-ELIT,GWO,S3,ELIT,S,9147.0
GWO_S4-ELIT,GWO,S4,ELIT,S,9147.0
GWO_S4-ELIT,GWO,S4,ELIT,S,8842.0
GWO_S4-ELIT,GWO,S4,ELIT,S,9147.0
GWO_S4-ELIT,GWO,S4,ELIT,S,8810.0
GWO_S4-ELIT,GWO,S4,ELIT,S,9147.0
GWO_S4-ELIT,GWO,S4,ELIT,S,8544.0
GWO_S4-ELIT,GWO,S4,ELIT,S,8709.0
GWO_S4-ELIT,GWO,S4,ELIT,S,9147.0
GWO_S4-ELIT,GWO,S4,ELIT,S,9147.0
GWO_S4-ELIT,GWO,S4,ELIT,S,9147.0
GWO_S4-ELIT,GWO,S4,ELIT,S,8929.0
GWO_S4-ELIT,GWO,S4,ELIT,S,8810.0
GWO_S4-ELIT,GWO,S4,ELIT,S,8911.0
GWO_S4-ELIT,GWO,S4,ELIT,S,8817.0
GWO_S4-ELIT,GWO,S4,ELIT,S,8180.0
GWO_S4-ELIT,GWO,S4,ELIT,S,8751.0
GWO_S4-ELIT,GWO,S4,ELIT,S,8751.0
GWO_S4-ELIT,GWO,S4,ELIT,S,8990.0
GWO_S4-ELIT,GWO,S4,ELIT,S,8308.0
GWO_S4-ELIT,GWO,S4,ELIT,S,8781.0
GWO_S4-ELIT,GWO,S4,ELIT,S,8810.0
GWO_S4-ELIT,GWO,S4,ELIT,S,8586.0
GWO_S4-ELIT,GWO,S4,ELIT,S,8628.0
GWO_S4-ELIT,GWO,S4,ELIT,S,8990.0
GWO_S4-ELIT,GWO,S4,ELIT,S,8940.0
GWO_S4-ELIT,GWO,S4,ELIT,S,8817.0
GWO_S4-ELIT,GWO,S4,ELIT,S,8817.0
GWO_S4-ELIT,GWO,S4,ELIT,S,8842.0
GWO_S4-ELIT,GWO,S4,ELIT,S,8586.0
GWO_S4-ELIT,GWO,S4,ELIT,S,8911.0
GWO_S4-ELIT,GWO,S4,ELIT,S,8810.0
GWO_V1-STD,GWO,V1,STD,V,8601.0
GWO_V1-STD,GWO,V1,STD,V,8817.0
GWO_V1-STD,GWO,V1,STD,V,8783.0
GWO_V1-STD,GWO,V1,STD,V,8940.0
GWO_V1-STD,GWO,V1,STD,V,8842.0
GWO_V1-STD,GWO,V1,STD,V,8940.0
GWO_V1-STD,GWO,V1,STD,V,9147.0
GWO_V1-STD,GWO,V1,STD,V,8940.0
GWO_V1-STD,GWO,V1,STD,V,8940.0
GWO_V1-STD,GWO,V1,STD,V,8692.0
GWO_V1-STD,GWO,V1,STD,V,9147.0
GWO_V1-STD,GWO,V1,STD,V,8783.0
GWO_V1-STD,GWO,V1,STD,V,8810.0
GWO_V1-STD,GWO,V1,STD,V,8842.0
GWO_V1-STD,GWO,V1,STD,V,8911.0
GWO_V1-STD,GWO,V1,STD,V,8911.0
GWO_V1-STD,GWO,V1,STD,V,8940.0
GWO_V1-STD,GWO,V1,STD,V,8788.0
GWO_V1-STD,GWO,V1,STD,V,8842.0
GWO_V1-STD,GWO,V1,STD,V,8940.0
GWO_V1-STD,GWO,V1,STD,V,8817.0
GWO_V1-STD,GWO,V1,STD,V,8990.0
GWO_V1-STD,GWO,V1,STD,V,9147.0
GWO_V1-STD,GWO,V1,STD,V,8783.0
GWO_V1-STD,GWO,V1,STD,V,9147.0
GWO_V1-STD,GWO,V1,STD,V,8781.0
GWO_V1-STD,GWO,V1,STD,V,8709.0
GWO_V1-STD,GWO,V1,STD,V,8788.0
GWO_V1-STD,GWO,V1,STD,V,9147.0
GWO_V1-STD,GWO,V1,STD,V,8990.0
GWO_V1-STD,GWO,V1,STD,V,8687.0
GWO_V2-STD,GWO,V2,STD,V,8990.0
GWO_V2-STD,GWO,V2,STD,V,8842.0
GWO_V2-STD,GWO,V2,STD,V,8817.0
GWO_V2-STD,GWO,V2,STD,V,8817.0
GWO_V2-STD,GWO,V2,STD,V,9147.0
GWO_V2-STD,GWO,V2,STD,V,8781.0
GWO_V2-STD,GWO,V2,STD,V,8259.0
GWO_V2-STD,GWO,V2,STD,V,8388.0
GWO_V2-STD,GWO,V2,STD,V,8940.0
GWO_V2-STD,GWO,V2,STD,V,8842.0
GWO_V2-STD,GWO,V2,STD,V,9147.0
GWO_V2-STD,GWO,V2,STD,V,8781.0
GWO_V2-STD,GWO,V2,STD,V,8451.0
GWO_V2-STD,GWO,V2,STD,V,8579.0
GWO_V2-STD,GWO,V2,STD,V,9147.0
GWO_V2-STD,GWO,V2,STD,V,8687.0
GWO_V2-STD,GWO,V2,STD,V,8911.0
GWO_V2-STD,GWO,V2,STD,V,8911.0
GWO_V2-STD,GWO,V2,STD,V,8990.0
GWO_V2-STD,GWO,V2,STD,V,8686.0
GWO_V2-STD,GWO,V2,STD,V,8842.0
GWO_V2-STD,GWO,V2,STD,V,9147.0
GWO_V2-STD,GWO,V2,STD,V,8788.0
GWO_V2-STD,GWO,V2,STD,V,8781.0
GWO_V2-STD,GWO,V2,STD,V,8602.0
GWO_V2-STD,GWO,V2,STD,V,9147.0
GWO_V2-STD,GWO,V2,STD,V,8842.0
GWO_V2-STD,GWO,V2,STD,V,8990.0
GWO_V2-STD,GWO,V2,STD,V,8579.0
GWO_V2-STD,GWO,V2,STD,V,8940.0
GWO_V2-STD,GWO,V2,STD,V,8810.0
GWO_V3-STD,GWO,V3,STD,V,9147.0
GWO_V3-STD,GWO,V3,STD,V,8783.0
GWO_V3-STD,GWO,V3,STD,V,8990.0
GWO_V3-STD,GWO,V3,STD,V,9147.0
GWO_V3-STD,GWO,V3,STD,V,8602.0
GWO_V3-STD,GWO,V3,STD,V,8990.0
GWO_V3-STD,GWO,V3,STD,V,8990.0
GWO_V3-STD,GWO,V3,STD,V,8940.0
GWO_V3-STD,GWO,V3,STD,V,8817.0
GWO_V3-STD,GWO,V3,STD,V,9147.0
GWO_V3-STD,GWO,V3,STD,V,8990.0
GWO_V3-STD,GWO,V3,STD,V,8940.0
GWO_V3-STD,GWO,V3,STD,V,9147.0
GWO_V3-STD,GWO,V3,STD,V,8842.0
GWO_V3-STD,GWO,V3,STD,V,9147.0
GWO_V3-STD,GWO,V3,STD,V,9147.0
GWO_V3-STD,GWO,V3,STD,V,8817.0
GWO_V3-STD,GWO,V3,STD,V,8810.0
GWO_V3-STD,GWO,V3,STD,V,9147.0
GWO_V3-STD,GWO,V3,STD,V,8817.0
GWO_V3-STD,GWO,V3,STD,V,9147.0
GWO_V3-STD,GWO,V3,STD,V,8719.0
GWO_V3-STD,GWO,V3,STD,V,8375.0
GWO_V3-STD,GWO,V3,STD,V,9147.0
GWO_V3-STD,GWO,V3,STD,V,8817.0
GWO_V3-STD,GWO,V3,STD,V,8990.0
GWO_V3-STD,GWO,V3,STD,V,8911.0
GWO_V3-STD,GWO,V3,STD,V,8788.0
GWO_V3-STD,GWO,V3,STD,V,8544.0
GWO_V3-STD,GWO,V3,STD,V,8658.0
GWO_V3-STD,GWO,V3,STD,V,8540.0
GWO_V4-STD,GWO,V4,STD,V,8817.0
GWO_V4-STD,GWO,V4,STD,V,8940.0
GWO_V4-STD,GWO,V4,STD,V,8759.0
GWO_V4-STD,GWO,V4,STD,V,8686.0
GWO_V4-STD,GWO,V4,STD,V,8586.0
GWO_V4-STD,GWO,V4,STD,V,8788.0
GWO_V4-STD,GWO,V4,STD,V,8525.0
GWO_V4-STD,GWO,V4,STD,V,8544.0
GWO_V4-STD,GWO,V4,STD,V,8911.0
GWO_V4-STD,GWO,V4,STD,V,8990.0
GWO_V4-STD,GWO,V4,STD,V,9147.0
GWO_V4-STD,GWO,V4,STD,V,8544.0
GWO_V4-STD,GWO,V4,STD,V,8456.0
GWO_V4-STD,GWO,V4,STD,V,8911.0
GWO_V4-STD,GWO,V4,STD,V,8817.0
GWO_V4-STD,GWO,V4,STD,V,8940.0
GWO_V4-STD,GWO,V4,STD,V,8990.0
GWO_V4-STD,GWO,V4,STD,V,8842.0
GWO_V4-STD,GWO,V4,STD,V,8990.0
GWO_V4-STD,GWO,V4,STD,V,8781.0
GWO_V4-STD,GWO,V4,STD,V,8783.0
GWO_V4-STD,GWO,V4,STD,V,8781.0
GWO_V4-STD,GWO,V4,STD,V,8751.0
GWO_V4-STD,GWO,V4,STD,V,8788.0
GWO_V4-STD,GWO,V4,STD,V,8781.0
GWO_V4-STD,GWO,V4,STD,V,8990.0
GWO_V4-STD,GWO,V4,STD,V,8810.0
GWO_V4-STD,GWO,V4,STD,V,8660.0
GWO_V4-STD,GWO,V4,STD,V,8897.0
GWO_V4-STD,GWO,V4,STD,V,8911.0
GWO_V4-STD,GWO,V4,STD,V,8911.0
GWO_V1-COM,GWO,V1,COM,V,8719.0
GWO_V1-COM,GWO,V1,COM,V,8842.0
GWO_V1-COM,GWO,V1,COM,V,8660.0
GWO_V1-COM,GWO,V1,COM,V,8719.0
GWO_V1-COM,GWO,V1,COM,V,8810.0
GWO_V1-COM,GWO,V1,COM,V,8808.0
GWO_V1-COM,GWO,V1,COM,V,8842.0
GWO_V1-COM,GWO,V1,COM,V,8911.0
GWO_V1-COM,GWO,V1,COM,V,8692.0
GWO_V1-COM,GWO,V1,COM,V,8781.0
GWO_V1-COM,GWO,V1,COM,V,8990.0
GWO_V1-COM,GWO,V1,COM,V,8631.0
GWO_V1-COM,GWO,V1,COM,V,8911.0
GWO_V1-COM,GWO,V1,COM,V,8810.0
GWO_V1-COM,GWO,V1,COM,V,8817.0
GWO_V1-COM,GWO,V1,COM,V,8709.0
GWO_V1-COM,GWO,V1,COM,V,8911.0
GWO_V1-COM,GWO,V1,COM,V,8940.0
GWO_V1-COM,GWO,V1,COM,V,9147.0
GWO_V1-COM,GWO,V1,COM,V,8687.0
GWO_V1-COM,GWO,V1,COM,V,9147.0
GWO_V1-COM,GWO,V1,COM,V,8478.0
GWO_V1-COM,GWO,V1,COM,V,8516.0
GWO_V1-COM,GWO,V1,COM,V,8940.0
GWO_V1-COM,GWO,V1,COM,V,8911.0
GWO_V1-COM,GWO,V1,COM,V,8929.0
GWO_V1-COM,GWO,V1,COM,V,8288.0
GWO_V1-COM,GWO,V1,COM,V,8625.0
GWO_V1-COM,GWO,V1,COM,V,8586.0
GWO_V1-COM,GWO,V1,COM,V,8751.0
GWO_V1-COM,GWO,V1,COM,V,8686.0
GWO_V2-COM,GWO,V2,COM,V,8990.0
GWO_V2-COM,GWO,V2,COM,V,8525.0
GWO_V2-COM,GWO,V2,COM,V,8783.0
GWO_V2-COM,GWO,V2,COM,V,8810.0
GWO_V2-COM,GWO,V2,COM,V,8455.0
GWO_V2-COM,GWO,V2,COM,V,8375.0
GWO_V2-COM,GWO,V2,COM,V,8842.0
GWO_V2-COM,GWO,V2,COM,V,8709.0
GWO_V2-COM,GWO,V2,COM,V,8781.0
GWO_V2-COM,GWO,V2,COM,V,8781.0
GWO_V2-COM,GWO,V2,COM,V,8817.0
GWO_V2-COM,GWO,V2,COM,V,8990.0
GWO_V2-COM,GWO,V2,COM,V,8842.0
GWO_V2-COM,GWO,V2,COM,V,8686.0
GWO_V2-COM,GWO,V2,COM,V,8756.0
GWO_V2-COM,GWO,V2,COM,V,8842.0
GWO_V2-COM,GWO,V2,COM,V,8990.0
GWO_V2-COM,GWO,V2,COM,V,8660.0
GWO_V2-COM,GWO,V2,COM,V,8756.0
GWO_V2-COM,GWO,V2,COM,V,8050.0
GWO_V2-COM,GWO,V2,COM,V,8842.0
GWO_V2-COM,GWO,V2,COM,V,8842.0
GWO_V2-COM,GWO,V2,COM,V,8456.0
GWO_V2-COM,GWO,V2,COM,V,9147.0
GWO_V2-COM,GWO,V2,COM,V,8808.0
GWO_V2-COM,GWO,V2,COM,V,8599.0
GWO_V2-COM,GWO,V2,COM,V,8653.0
GWO_V2-COM,GWO,V2,COM,V,8658.0
GWO_V2-COM,GWO,V2,COM,V,8810.0
GWO_V2-COM,GWO,V2,COM,V,8102.0
GWO_V2-COM,GWO,V2,COM,V,8719.0
GWO_V3-COM,GWO,V3,COM,V,8342.0
GWO_V3-COM,GWO,V3,COM,V,8990.0
GWO_V3-COM,GWO,V3,COM,V,8842.0
GWO_V3-COM,GWO,V3,COM,V,9147.0
GWO_V3-COM,GWO,V3,COM,V,8788.0
GWO_V3-COM,GWO,V3,COM,V,8759.0
GWO_V3-COM,GWO,V3,COM,V,8660.0
GWO_V3-COM,GWO,V3,COM,V,8687.0
GWO_V3-COM,GWO,V3,COM,V,8209.0
GWO_V3-COM,GWO,V3,COM,V,8660.0
GWO_V3-COM,GWO,V3,COM,V,9147.0
GWO_V3-COM,GWO,V3,COM,V,8382.0
GWO_V3-COM,GWO,V3,COM,V,9147.0
GWO_V3-COM,GWO,V3,COM,V,8449.0
GWO_V3-COM,GWO,V3,COM,V,8911.0
GWO_V3-COM,GWO,V3,COM,V,9147.0
GWO_V3-COM,GWO,V3,COM,V,8692.0
GWO_V3-COM,GWO,V3,COM,V,8940.0
GWO_V3-COM,GWO,V3,COM,V,8990.0
GWO_V3-COM,GWO,V3,COM,V,8842.0
GWO_V3-COM,GWO,V3,COM,V,8842.0
GWO_V3-COM,GWO,V3,COM,V,8781.0
GWO_V3-COM,GWO,V3,COM,V,8940.0
GWO_V3-COM,GWO,V3,COM,V,8788.0
GWO_V3-COM,GWO,V3,COM,V,8579.0
GWO_V3-COM,GWO,V3,COM,V,8940.0
GWO_V3-COM,GWO,V3,COM,V,8687.0
GWO_V3-COM,GWO,V3,COM,V,8501.0
GWO_V3-COM,GWO,V3,COM,V,8471.0
GWO_V3-COM,GWO,V3,COM,V,8586.0
GWO_V3-COM,GWO,V3,COM,V,8783.0
GWO_V4-COM,GWO,V4,COM,V,8842.0
GWO_V4-COM,GWO,V4,COM,V,8756.0
GWO_V4-COM,GWO,V4,COM,V,8783.0
GWO_V4-COM,GWO,V4,COM,V,8709.0
GWO_V4-COM,GWO,V4,COM,V,8842.0
GWO_V4-COM,GWO,V4,COM,V,8751.0
GWO_V4-COM,GWO,V4,COM,V,8178.0
GWO_V4-COM,GWO,V4,COM,V,8817.0
GWO_V4-COM,GWO,V4,COM,V,9147.0
GWO_V4-COM,GWO,V4,COM,V,8544.0
GWO_V4-COM,GWO,V4,COM,V,8842.0
GWO_V4-COM,GWO,V4,COM,V,8661.0
GWO_V4-COM,GWO,V4,COM,V,8525.0
GWO_V4-COM,GWO,V4,COM,V,8471.0
GWO_V4-COM,GWO,V4,COM,V,8686.0
GWO_V4-COM,GWO,V4,COM,V,9147.0
GWO_V4-COM,GWO,V4,COM,V,8781.0
GWO_V4-COM,GWO,V4,COM,V,8687.0
GWO_V4-COM,GWO,V4,COM,V,8817.0
GWO_V4-COM,GWO,V4,COM,V,8418.0
GWO_V4-COM,GWO,V4,COM,V,8575.0
GWO_V4-COM,GWO,V4,COM,V,8842.0
GWO_V4-COM,GWO,V4,COM,V,8783.0
GWO_V4-COM,GWO,V4,COM,V,8940.0
GWO_V4-COM,GWO,V4,COM,V,8557.0
GWO_V4-COM,GWO,V4,COM,V,8512.0
GWO_V4-COM,GWO,V4,COM,V,8810.0
GWO_V4-COM,GWO,V4,COM,V,8417.0
GWO_V4-COM,GWO,V4,COM,V,8788.0
GWO_V4-COM,GWO,V4,COM,V,8709.0
GWO_V4-COM,GWO,V4,COM,V,8392.0
GWO_V1-ELIT,GWO,V1,ELIT,V,8264.0
GWO_V1-ELIT,GWO,V1,ELIT,V,9147.0
GWO_V1-ELIT,GWO,V1,ELIT,V,8990.0
GWO_V1-ELIT,GWO,V1,ELIT,V,8751.0
GWO_V1-ELIT,GWO,V1,ELIT,V,9147.0
GWO_V1-ELIT,GWO,V1,ELIT,V,8709.0
GWO_V1-ELIT,GWO,V1,ELIT,V,8751.0
GWO_V1-ELIT,GWO,V1,ELIT,V,8788.0
GWO_V1-ELIT,GWO,V1,ELIT,V,8348.0
GWO_V1-ELIT,GWO,V1,ELIT,V,8940.0
GWO_V1-ELIT,GWO,V1,ELIT,V,8990.0
GWO_V1-ELIT,GWO,V1,ELIT,V,8940.0
GWO_V1-ELIT,GWO,V1,ELIT,V,8783.0
GWO_V1-ELIT,GWO,V1,ELIT,V,8544.0
GWO_V1-ELIT,GWO,V1,ELIT,V,8929.0
GWO_V1-ELIT,GWO,V1,ELIT,V,8751.0
GWO_V1-ELIT,GWO,V1,ELIT,V,8579.0
GWO_V1-ELIT,GWO,V1,ELIT,V,8810.0
GWO_V1-ELIT,GWO,V1,ELIT,V,8940.0
GWO_V1-ELIT,GWO,V1,ELIT,V,8709.0
GWO_V1-ELIT,GWO,V1,ELIT,V,8940.0
GWO_V1-ELIT,GWO,V1,ELIT,V,9147.0
GWO_V1-ELIT,GWO,V1,ELIT,V,9147.0
GWO_V1-ELIT,GWO,V1,ELIT,V,9147.0
GWO_V1-ELIT,GWO,V1,ELIT,V,8940.0
GWO_V1-ELIT,GWO,V1,ELIT,V,9147.0
GWO_V1-ELIT,GWO,V1,ELIT,V,8788.0
GWO_V1-ELIT,GWO,V1,ELIT,V,8788.0
GWO_V1-ELIT,GWO,V1,ELIT,V,9147.0
GWO_V1-ELIT,GWO,V1,ELIT,V,9147.0
GWO_V1-ELIT,GWO,V1,ELIT,V,8990.0
GWO_V2-ELIT,GWO,V2,ELIT,V,8810.0
GWO_V2-ELIT,GWO,V2,ELIT,V,8277.0
GWO_V2-ELIT,GWO,V2,ELIT,V,8781.0
GWO_V2-ELIT,GWO,V2,ELIT,V,8990.0
GWO_V2-ELIT,GWO,V2,ELIT,V,8788.0
GWO_V2-ELIT,GWO,V2,ELIT,V,9147.0
GWO_V2-ELIT,GWO,V2,ELIT,V,8658.0
GWO_V2-ELIT,GWO,V2,ELIT,V,8512.0
GWO_V2-ELIT,GWO,V2,ELIT,V,8799.0
GWO_V2-ELIT,GWO,V2,ELIT,V,8842.0
GWO_V2-ELIT,GWO,V2,ELIT,V,8481.0
GWO_V2-ELIT,GWO,V2,ELIT,V,8781.0
GWO_V2-ELIT,GWO,V2,ELIT,V,8658.0
GWO_V2-ELIT,GWO,V2,ELIT,V,8783.0
GWO_V2-ELIT,GWO,V2,ELIT,V,8654.0
GWO_V2-ELIT,GWO,V2,ELIT,V,8323.0
GWO_V2-ELIT,GWO,V2,ELIT,V,8781.0
GWO_V2-ELIT,GWO,V2,ELIT,V,8911.0
GWO_V2-ELIT,GWO,V2,ELIT,V,8709.0
GWO_V2-ELIT,GWO,V2,ELIT,V,8842.0
GWO_V2-ELIT,GWO,V2,ELIT,V,8842.0
GWO_V2-ELIT,GWO,V2,ELIT,V,8788.0
GWO_V2-ELIT,GWO,V2,ELIT,V,8940.0
GWO_V2-ELIT,GWO,V2,ELIT,V,9147.0
GWO_V2-ELIT,GWO,V2,ELIT,V,8658.0
GWO_V2-ELIT,GWO,V2,ELIT,V,8407.0
GWO_V2-ELIT,GWO,V2,ELIT,V,8781.0
GWO_V2-ELIT,GWO,V2,ELIT,V,8911.0
GWO_V2-ELIT,GWO,V2,ELIT,V,8554.0
GWO_V2-ELIT,GWO,V2,ELIT,V,9147.0
GWO_V2-ELIT,GWO,V2,ELIT,V,8279.0
GWO_V3-ELIT,GWO,V3,ELIT,V,9147.0
GWO_V3-ELIT,GWO,V3,ELIT,V,8751.0
GWO_V3-ELIT,GWO,V3,ELIT,V,8940.0
GWO_V3-ELIT,GWO,V3,ELIT,V,8810.0
GWO_V3-ELIT,GWO,V3,ELIT,V,8810.0
GWO_V3-ELIT,GWO,V3,ELIT,V,9147.0
GWO_V3-ELIT,GWO,V3,ELIT,V,8940.0
GWO_V3-ELIT,GWO,V3,ELIT,V,8842.0
GWO_V3-ELIT,GWO,V3,ELIT,V,8810.0
GWO_V3-ELIT,GWO,V3,ELIT,V,8570.0
GWO_V3-ELIT,GWO,V3,ELIT,V,8162.0
GWO_V3-ELIT,GWO,V3,ELIT,V,8459.0
GWO_V3-ELIT,GWO,V3,ELIT,V,8810.0
GWO_V3-ELIT,GWO,V3,ELIT,V,8929.0
GWO_V3-ELIT,GWO,V3,ELIT,V,8781.0
GWO_V3-ELIT,GWO,V3,ELIT,V,8586.0
GWO_V3-ELIT,GWO,V3,ELIT,V,8687.0
GWO_V3-ELIT,GWO,V3,ELIT,V,8940.0
GWO_V3-ELIT,GWO,V3,ELIT,V,8810.0
GWO_V3-ELIT,GWO,V3,ELIT,V,8990.0
GWO_V3-ELIT,GWO,V3,ELIT,V,8601.0
GWO_V3-ELIT,GWO,V3,ELIT,V,8490.0
GWO_V3-ELIT,GWO,V3,ELIT,V,8456.0
GWO_V3-ELIT,GWO,V3,ELIT,V,8362.0
GWO_V3-ELIT,GWO,V3,ELIT,V,8783.0
GWO_V3-ELIT,GWO,V3,ELIT,V,8817.0
GWO_V3-ELIT,GWO,V3,ELIT,V,8719.0
GWO_V3-ELIT,GWO,V3,ELIT,V,8842.0
GWO_V3-ELIT,GWO,V3,ELIT,V,8810.0
GWO_V3-ELIT,GWO,V3,ELIT,V,8586.0
GWO_V3-ELIT,GWO,V3,ELIT,V,9147.0
GWO_V4-ELIT,GWO,V4,ELIT,V,8751.0
GWO_V4-ELIT,GWO,V4,ELIT,V,7846.0
GWO_V4-ELIT,GWO,V4,ELIT,V,8990.0
GWO_V4-ELIT,GWO,V4,ELIT,V,8227.0
GWO_V4-ELIT,GWO,V4,ELIT,V,8940.0
GWO_V4-ELIT,GWO,V4,ELIT,V,8940.0
GWO_V4-ELIT,GWO,V4,ELIT,V,8940.0
GWO_V4-ELIT,GWO,V4,ELIT,V,8817.0
GWO_V4-ELIT,GWO,V4,ELIT,V,9147.0
GWO_V4-ELIT,GWO,V4,ELIT,V,8234.0
GWO_V4-ELIT,GWO,V4,ELIT,V,8638.0
GWO_V4-ELIT,GWO,V4,ELIT,V,8745.0
GWO_V4-ELIT,GWO,V4,ELIT,V,8810.0
GWO_V4-ELIT,GWO,V4,ELIT,V,8808.0
GWO_V4-ELIT,GWO,V4,ELIT,V,8842.0
GWO_V4-ELIT,GWO,V4,ELIT,V,8660.0
GWO_V4-ELIT,GWO,V4,ELIT,V,8940.0
GWO_V4-ELIT,GWO,V4,ELIT,V,8781.0
GWO_V4-ELIT,GWO,V4,ELIT,V,8810.0
GWO_V4-ELIT,GWO,V4,ELIT,V,9147.0
GWO_V4-ELIT,GWO,V4,ELIT,V,9147.0
GWO_V4-ELIT,GWO,V4,ELIT,V,8940.0
GWO_V4-ELIT,GWO,V4,ELIT,V,9147.0
GWO_V4-ELIT,GWO,V4,ELIT,V,8686.0
GWO_V4-ELIT,GWO,V4,ELIT,V,8940.0
GWO_V4-ELIT,GWO,V4,ELIT,V,8817.0
GWO_V4-ELIT,GWO,V4,ELIT,V,9147.0
GWO_V4-ELIT,GWO,V4,ELIT,V,8575.0
GWO_V4-ELIT,GWO,V4,ELIT,V,8810.0
GWO_V4-ELIT,GWO,V4,ELIT,V,8810.0
GWO_V4-ELIT,GWO,V4,ELIT,V,8687.0
GWO_X1-STD,GWO,X1,STD,X,9147.0
GWO_X1-STD,GWO,X1,STD,X,9147.0
GWO_X1-STD,GWO,X1,STD,X,9147.0
GWO_X1-STD,GWO,X1,STD,X,9147.0
GWO_X1-STD,GWO,X1,STD,X,9147.0
GWO_X1-STD,GWO,X1,STD,X,9147.0
GWO_X1-STD,GWO,X1,STD,X,9147.0
GWO_X1-STD,GWO,X1,STD,X,9147.0
GWO_X1-STD,GWO,X1,STD,X,9147.0
GWO_X1-STD,GWO,X1,STD,X,9147.0
GWO_X1-STD,GWO,X1,STD,X,9147.0
GWO_X1-STD,GWO,X1,STD,X,9147.0
GWO_X1-STD,GWO,X1,STD,X,9147.0
GWO_X1-STD,GWO,X1,STD,X,9147.0
GWO_X1-STD,GWO,X1,STD,X,9147.0
GWO_X1-STD,GWO,X1,STD,X,9147.0
GWO_X1-STD,GWO,X1,STD,X,9147.0
GWO_X1-STD,GWO,X1,STD,X,9147.0
GWO_X1-STD,GWO,X1,STD,X,9147.0
GWO_X1-STD,GWO,X1,STD,X,9147.0
GWO_X1-STD,GWO,X1,STD,X,9147.0
GWO_X1-STD,GWO,X1,STD,X,9147.0
GWO_X1-STD,GWO,X1,STD,X,9147.0
GWO_X1-STD,GWO,X1,STD,X,9147.0
GWO_X1-STD,GWO,X1,STD,X,9147.0
GWO_X1-STD,GWO,X1,STD,X,9147.0
GWO_X1-STD,GWO,X1,STD,X,9147.0
GWO_X1-STD,GWO,X1,STD,X,9147.0
GWO_X1-STD,GWO,X1,STD,X,9147.0
GWO_X1-STD,GWO,X1,STD,X,9147.0
GWO_X1-STD,GWO,X1,STD,X,9147.0
GWO_X2-STD,GWO,X2,STD,X,9147.0
GWO_X2-STD,GWO,X2,STD,X,9147.0
GWO_X2-STD,GWO,X2,STD,X,9147.0
GWO_X2-STD,GWO,X2,STD,X,9147.0
GWO_X2-STD,GWO,X2,STD,X,9147.0
GWO_X2-STD,GWO,X2,STD,X,9147.0
GWO_X2-STD,GWO,X2,STD,X,9147.0
GWO_X2-STD,GWO,X2,STD,X,9147.0
GWO_X2-STD,GWO,X2,STD,X,9147.0
GWO_X2-STD,GWO,X2,STD,X,9147.0
GWO_X2-STD,GWO,X2,STD,X,9147.0
GWO_X2-STD,GWO,X2,STD,X,9147.0
GWO_X2-STD,GWO,X2,STD,X,9147.0
GWO_X2-STD,GWO,X2,STD,X,9147.0
GWO_X2-STD,GWO,X2,STD,X,9147.0
GWO_X2-STD,GWO,X2,STD,X,9147.0
GWO_X2-STD,GWO,X2,STD,X,9147.0
GWO_X2-STD,GWO,X2,STD,X,9147.0
GWO_X2-STD,GWO,X2,STD,X,9147.0
GWO_X2-STD,GWO,X2,STD,X,9147.0
GWO_X2-STD,GWO,X2,STD,X,9147.0
GWO_X2-STD,GWO,X2,STD,X,9147.0
GWO_X2-STD,GWO,X2,STD,X,9147.0
GWO_X2-STD,GWO,X2,STD,X,9147.0
GWO_X2-STD,GWO,X2,STD,X,9147.0
GWO_X2-STD,GWO,X2,STD,X,9147.0
GWO_X2-STD,GWO,X2,STD,X,9147.0
GWO_X2-STD,GWO,X2,STD,X,9147.0
GWO_X2-STD,GWO,X2,STD,X,9147.0
GWO_X2-STD,GWO,X2,STD,X,9147.0
GWO_X2-STD,GWO,X2,STD,X,9147.0
GWO_X3-STD,GWO,X3,STD,X,9147.0
GWO_X3-STD,GWO,X3,STD,X,9147.0
GWO_X3-STD,GWO,X3,STD,X,9147.0
GWO_X3-STD,GWO,X3,STD,X,9147.0
GWO_X3-STD,GWO,X3,STD,X,9147.0
GWO_X3-STD,GWO,X3,STD,X,9147.0
GWO_X3-STD,GWO,X3,STD,X,9147.0
GWO_X3-STD,GWO,X3,STD,X,9147.0
GWO_X3-STD,GWO,X3,STD,X,9147.0
GWO_X3-STD,GWO,X3,STD,X,9147.0
GWO_X3-STD,GWO,X3,STD,X,9147.0
GWO_X3-STD,GWO,X3,STD,X,9147.0
GWO_X3-STD,GWO,X3,STD,X,9147.0
GWO_X3-STD,GWO,X3,STD,X,9147.0
GWO_X3-STD,GWO,X3,STD,X,9147.0
GWO_X3-STD,GWO,X3,STD,X,9147.0
GWO_X3-STD,GWO,X3,STD,X,9147.0
GWO_X3-STD,GWO,X3,STD,X,9147.0
GWO_X3-STD,GWO,X3,STD,X,9147.0
GWO_X3-STD,GWO,X3,STD,X,9147.0
GWO_X3-STD,GWO,X3,STD,X,9147.0
GWO_X3-STD,GWO,X3,STD,X,9147.0
GWO_X3-STD,GWO,X3,STD,X,9147.0
GWO_X3-STD,GWO,X3,STD,X,9147.0
GWO_X3-STD,GWO,X3,STD,X,9147.0
GWO_X3-STD,GWO,X3,STD,X,9147.0
GWO_X3-STD,GWO,X3,STD,X,9147.0
GWO_X3-STD,GWO,X3,STD,X,9147.0
GWO_X3-STD,GWO,X3,STD,X,9147.0
GWO_X3-STD,GWO,X3,STD,X,9147.0
GWO_X3-STD,GWO,X3,STD,X,9147.0
GWO_X4-STD,GWO,X4,STD,X,9147.0
GWO_X4-STD,GWO,X4,STD,X,9147.0
GWO_X4-STD,GWO,X4,STD,X,9147.0
GWO_X4-STD,GWO,X4,STD,X,9147.0
GWO_X4-STD,GWO,X4,STD,X,9147.0
GWO_X4-STD,GWO,X4,STD,X,9147.0
GWO_X4-STD,GWO,X4,STD,X,9147.0
GWO_X4-STD,GWO,X4,STD,X,9147.0
GWO_X4-STD,GWO,X4,STD,X,9147.0
GWO_X4-STD,GWO,X4,STD,X,9147.0
GWO_X4-STD,GWO,X4,STD,X,9147.0
GWO_X4-STD,GWO,X4,STD,X,9147.0
GWO_X4-STD,GWO,X4,STD,X,9147.0
GWO_X4-STD,GWO,X4,STD,X,9147.0
GWO_X4-STD,GWO,X4,STD,X,9147.0
GWO_X4-STD,GWO,X4,STD,X,9147.0
GWO_X4-STD,GWO,X4,STD,X,9147.0
GWO_X4-STD,GWO,X4,STD,X,9147.0
GWO_X4-STD,GWO,X4,STD,X,9147.0
GWO_X4-STD,GWO,X4,STD,X,9147.0
GWO_X4-STD,GWO,X4,STD,X,9147.0
GWO_X4-STD,GWO,X4,STD,X,9147.0
GWO_X4-STD,GWO,X4,STD,X,9147.0
GWO_X4-STD,GWO,X4,STD,X,9147.0
GWO_X4-STD,GWO,X4,STD,X,9147.0
GWO_X4-STD,GWO,X4,STD,X,9147.0
GWO_X4-STD,GWO,X4,STD,X,9147.0
GWO_X4-STD,GWO,X4,STD,X,9147.0
GWO_X4-STD,GWO,X4,STD,X,9147.0
GWO_X4-STD,GWO,X4,STD,X,9147.0
GWO_X4-STD,GWO,X4,STD,X,9147.0
GWO_X1-COM,GWO,X1,COM,X,9147.0
GWO_X1-COM,GWO,X1,COM,X,9147.0
GWO_X1-COM,GWO,X1,COM,X,9147.0
GWO_X1-COM,GWO,X1,COM,X,9147.0
GWO_X1-COM,GWO,X1,COM,X,8990.0
GWO_X1-COM,GWO,X1,COM,X,8990.0
GWO_X1-COM,GWO,X1,COM,X,9147.0
GWO_X1-COM,GWO,X1,COM,X,9147.0
GWO_X1-COM,GWO,X1,COM,X,9147.0
GWO_X1-COM,GWO,X1,COM,X,9147.0
GWO_X1-COM,GWO,X1,COM,X,8940.0
GWO_X1-COM,GWO,X1,COM,X,9147.0
GWO_X1-COM,GWO,X1,COM,X,8940.0
GWO_X1-COM,GWO,X1,COM,X,9147.0
GWO_X1-COM,GWO,X1,COM,X,9147.0
GWO_X1-COM,GWO,X1,COM,X,9147.0
GWO_X1-COM,GWO,X1,COM,X,9147.0
GWO_X1-COM,GWO,X1,COM,X,8990.0
GWO_X1-COM,GWO,X1,COM,X,8990.0
GWO_X1-COM,GWO,X1,COM,X,9147.0
GWO_X1-COM,GWO,X1,COM,X,9147.0
GWO_X1-COM,GWO,X1,COM,X,9147.0
GWO_X1-COM,GWO,X1,COM,X,9147.0
GWO_X1-COM,GWO,X1,COM,X,9147.0
GWO_X1-COM,GWO,X1,COM,X,8990.0
GWO_X1-COM,GWO,X1,COM,X,9147.0
GWO_X1-COM,GWO,X1,COM,X,9147.0
GWO_X1-COM,GWO,X1,COM,X,9147.0
GWO_X1-COM,GWO,X1,COM,X,9147.0
GWO_X1-COM,GWO,X1,COM,X,9147.0
GWO_X1-COM,GWO,X1,COM,X,9147.0
GWO_X2-COM,GWO,X2,COM,X,9147.0
GWO_X2-COM,GWO,X2,COM,X,9147.0
GWO_X2-COM,GWO,X2,COM,X,9147.0
GWO_X2-COM,GWO,X2,COM,X,9147.0
GWO_X2-COM,GWO,X2,COM,X,9147.0
GWO_X2-COM,GWO,X2,COM,X,9147.0
GWO_X2-COM,GWO,X2,COM,X,9147.0
GWO_X2-COM,GWO,X2,COM,X,8940.0
GWO_X2-COM,GWO,X2,COM,X,9147.0
GWO_X2-COM,GWO,X2,COM,X,9147.0
GWO_X2-COM,GWO,X2,COM,X,9147.0
GWO_X2-COM,GWO,X2,COM,X,9147.0
GWO_X2-COM,GWO,X2,COM,X,9147.0
GWO_X2-COM,GWO,X2,COM,X,9147.0
GWO_X2-COM,GWO,X2,COM,X,9147.0
GWO_X2-COM,GWO,X2,COM,X,9147.0
GWO_X2-COM,GWO,X2,COM,X,9147.0
GWO_X2-COM,GWO,X2,COM,X,9147.0
GWO_X2-COM,GWO,X2,COM,X,9147.0
GWO_X2-COM,GWO,X2,COM,X,9147.0
GWO_X2-COM,GWO,X2,COM,X,9147.0
GWO_X2-COM,GWO,X2,COM,X,9147.0
GWO_X2-COM,GWO,X2,COM,X,9147.0
GWO_X2-COM,GWO,X2,COM,X,9147.0
GWO_X2-COM,GWO,X2,COM,X,9147.0
GWO_X2-COM,GWO,X2,COM,X,8990.0
GWO_X2-COM,GWO,X2,COM,X,9147.0
GWO_X2-COM,GWO,X2,COM,X,9147.0
GWO_X2-COM,GWO,X2,COM,X,9147.0
GWO_X2-COM,GWO,X2,COM,X,9147.0
GWO_X2-COM,GWO,X2,COM,X,9147.0
GWO_X3-COM,GWO,X3,COM,X,9147.0
GWO_X3-COM,GWO,X3,COM,X,9147.0
GWO_X3-COM,GWO,X3,COM,X,9147.0
GWO_X3-COM,GWO,X3,COM,X,9147.0
GWO_X3-COM,GWO,X3,COM,X,9147.0
GWO_X3-COM,GWO,X3,COM,X,9147.0
GWO_X3-COM,GWO,X3,COM,X,9147.0
GWO_X3-COM,GWO,X3,COM,X,9147.0
GWO_X3-COM,GWO,X3,COM,X,8990.0
GWO_X3-COM,GWO,X3,COM,X,9147.0
GWO_X3-COM,GWO,X3,COM,X,9147.0
GWO_X3-COM,GWO,X3,COM,X,9147.0
GWO_X3-COM,GWO,X3,COM,X,9147.0
GWO_X3-COM,GWO,X3,COM,X,8990.0
GWO_X3-COM,GWO,X3,COM,X,9147.0
GWO_X3-COM,GWO,X3,COM,X,9147.0
GWO_X3-COM,GWO,X3,COM,X,9147.0
GWO_X3-COM,GWO,X3,COM,X,8990.0
GWO_X3-COM,GWO,X3,COM,X,9147.0
GWO_X3-COM,GWO,X3,COM,X,9147.0
GWO_X3-COM,GWO,X3,COM,X,9147.0
GWO_X3-COM,GWO,X3,COM,X,9147.0
GWO_X3-COM,GWO,X3,COM,X,9147.0
GWO_X3-COM,GWO,X3,COM,X,9147.0
GWO_X3-COM,GWO,X3,COM,X,9147.0
GWO_X3-COM,GWO,X3,COM,X,9147.0
GWO_X3-COM,GWO,X3,COM,X,9147.0
GWO_X3-COM,GWO,X3,COM,X,9147.0
GWO_X3-COM,GWO,X3,COM,X,8911.0
GWO_X3-COM,GWO,X3,COM,X,9147.0
GWO_X3-COM,GWO,X3,COM,X,9147.0
GWO_X4-COM,GWO,X4,COM,X,9147.0
GWO_X4-COM,GWO,X4,COM,X,9147.0
GWO_X4-COM,GWO,X4,COM,X,9147.0
GWO_X4-COM,GWO,X4,COM,X,9147.0
GWO_X4-COM,GWO,X4,COM,X,9147.0
GWO_X4-COM,GWO,X4,COM,X,9147.0
GWO_X4-COM,GWO,X4,COM,X,9147.0
GWO_X4-COM,GWO,X4,COM,X,8990.0
GWO_X4-COM,GWO,X4,COM,X,9147.0
GWO_X4-COM,GWO,X4,COM,X,9147.0
GWO_X4-COM,GWO,X4,COM,X,9147.0
GWO_X4-COM,GWO,X4,COM,X,9147.0
GWO_X4-COM,GWO,X4,COM,X,9147.0
GWO_X4-COM,GWO,X4,COM,X,9147.0
GWO_X4-COM,GWO,X4,COM,X,9147.0
GWO_X4-COM,GWO,X4,COM,X,9147.0
GWO_X4-COM,GWO,X4,COM,X,9147.0
GWO_X4-COM,GWO,X4,COM,X,9147.0
GWO_X4-COM,GWO,X4,COM,X,9147.0
GWO_X4-COM,GWO,X4,COM,X,9147.0
GWO_X4-COM,GWO,X4,COM,X,9147.0
GWO_X4-COM,GWO,X4,COM,X,9147.0
GWO_X4-COM,GWO,X4,COM,X,8911.0
GWO_X4-COM,GWO,X4,COM,X,9147.0
GWO_X4-COM,GWO,X4,COM,X,9147.0
GWO_X4-COM,GWO,X4,COM,X,9147.0
GWO_X4-COM,GWO,X4,COM,X,9147.0
GWO_X4-COM,GWO,X4,COM,X,9147.0
GWO_X4-COM,GWO,X4,COM,X,9147.0
GWO_X4-COM,GWO,X4,COM,X,9147.0
GWO_X4-COM,GWO,X4,COM,X,9147.0
GWO_X1-ELIT,GWO,X1,ELIT,X,8751.0
GWO_X1-ELIT,GWO,X1,ELIT,X,8817.0
GWO_X1-ELIT,GWO,X1,ELIT,X,8940.0
GWO_X1-ELIT,GWO,X1,ELIT,X,9147.0
GWO_X1-ELIT,GWO,X1,ELIT,X,8687.0
GWO_X1-ELIT,GWO,X1,ELIT,X,8516.0
GWO_X1-ELIT,GWO,X1,ELIT,X,8788.0
GWO_X1-ELIT,GWO,X1,ELIT,X,9147.0
GWO_X1-ELIT,GWO,X1,ELIT,X,9147.0
GWO_X1-ELIT,GWO,X1,ELIT,X,8559.0
GWO_X1-ELIT,GWO,X1,ELIT,X,8478.0
GWO_X1-ELIT,GWO,X1,ELIT,X,9147.0
GWO_X1-ELIT,GWO,X1,ELIT,X,8658.0
GWO_X1-ELIT,GWO,X1,ELIT,X,8660.0
GWO_X1-ELIT,GWO,X1,ELIT,X,8788.0
GWO_X1-ELIT,GWO,X1,ELIT,X,8940.0
GWO_X1-ELIT,GWO,X1,ELIT,X,8911.0
GWO_X1-ELIT,GWO,X1,ELIT,X,8686.0
GWO_X1-ELIT,GWO,X1,ELIT,X,8911.0
GWO_X1-ELIT,GWO,X1,ELIT,X,8990.0
GWO_X1-ELIT,GWO,X1,ELIT,X,9147.0
GWO_X1-ELIT,GWO,X1,ELIT,X,8451.0
GWO_X1-ELIT,GWO,X1,ELIT,X,9147.0
GWO_X1-ELIT,GWO,X1,ELIT,X,8751.0
GWO_X1-ELIT,GWO,X1,ELIT,X,9147.0
GWO_X1-ELIT,GWO,X1,ELIT,X,8940.0
GWO_X1-ELIT,GWO,X1,ELIT,X,8940.0
GWO_X1-ELIT,GWO,X1,ELIT,X,8940.0
GWO_X1-ELIT,GWO,X1,ELIT,X,8480.0
GWO_X1-ELIT,GWO,X1,ELIT,X,8719.0
GWO_X1-ELIT,GWO,X1,ELIT,X,8842.0
GWO_X2-ELIT,GWO,X2,ELIT,X,8480.0
GWO_X2-ELIT,GWO,X2,ELIT,X,8756.0
GWO_X2-ELIT,GWO,X2,ELIT,X,8911.0
GWO_X2-ELIT,GWO,X2,ELIT,X,8320.0
GWO_X2-ELIT,GWO,X2,ELIT,X,8842.0
GWO_X2-ELIT,GWO,X2,ELIT,X,9147.0
GWO_X2-ELIT,GWO,X2,ELIT,X,8817.0
GWO_X2-ELIT,GWO,X2,ELIT,X,8420.0
GWO_X2-ELIT,GWO,X2,ELIT,X,8709.0
GWO_X2-ELIT,GWO,X2,ELIT,X,8660.0
GWO_X2-ELIT,GWO,X2,ELIT,X,8940.0
GWO_X2-ELIT,GWO,X2,ELIT,X,8382.0
GWO_X2-ELIT,GWO,X2,ELIT,X,8911.0
GWO_X2-ELIT,GWO,X2,ELIT,X,8810.0
GWO_X2-ELIT,GWO,X2,ELIT,X,8990.0
GWO_X2-ELIT,GWO,X2,ELIT,X,9147.0
GWO_X2-ELIT,GWO,X2,ELIT,X,8719.0
GWO_X2-ELIT,GWO,X2,ELIT,X,9147.0
GWO_X2-ELIT,GWO,X2,ELIT,X,8709.0
GWO_X2-ELIT,GWO,X2,ELIT,X,8751.0
GWO_X2-ELIT,GWO,X2,ELIT,X,8501.0
GWO_X2-ELIT,GWO,X2,ELIT,X,8569.0
GWO_X2-ELIT,GWO,X2,ELIT,X,9147.0
GWO_X2-ELIT,GWO,X2,ELIT,X,8788.0
GWO_X2-ELIT,GWO,X2,ELIT,X,8929.0
GWO_X2-ELIT,GWO,X2,ELIT,X,9147.0
GWO_X2-ELIT,GWO,X2,ELIT,X,8601.0
GWO_X2-ELIT,GWO,X2,ELIT,X,8586.0
GWO_X2-ELIT,GWO,X2,ELIT,X,9147.0
GWO_X2-ELIT,GWO,X2,ELIT,X,8810.0
GWO_X2-ELIT,GWO,X2,ELIT,X,8658.0
GWO_X3-ELIT,GWO,X3,ELIT,X,8940.0
GWO_X3-ELIT,GWO,X3,ELIT,X,8940.0
GWO_X3-ELIT,GWO,X3,ELIT,X,8751.0
GWO_X3-ELIT,GWO,X3,ELIT,X,8337.0
GWO_X3-ELIT,GWO,X3,ELIT,X,8940.0
GWO_X3-ELIT,GWO,X3,ELIT,X,9147.0
GWO_X3-ELIT,GWO,X3,ELIT,X,8940.0
GWO_X3-ELIT,GWO,X3,ELIT,X,8808.0
GWO_X3-ELIT,GWO,X3,ELIT,X,8569.0
GWO_X3-ELIT,GWO,X3,ELIT,X,8990.0
GWO_X3-ELIT,GWO,X3,ELIT,X,8653.0
GWO_X3-ELIT,GWO,X3,ELIT,X,8686.0
GWO_X3-ELIT,GWO,X3,ELIT,X,8940.0
GWO_X3-ELIT,GWO,X3,ELIT,X,8745.0
GWO_X3-ELIT,GWO,X3,ELIT,X,8810.0
GWO_X3-ELIT,GWO,X3,ELIT,X,8709.0
GWO_X3-ELIT,GWO,X3,ELIT,X,8911.0
GWO_X3-ELIT,GWO,X3,ELIT,X,9147.0
GWO_X3-ELIT,GWO,X3,ELIT,X,8751.0
GWO_X3-ELIT,GWO,X3,ELIT,X,8842.0
GWO_X3-ELIT,GWO,X3,ELIT,X,8940.0
GWO_X3-ELIT,GWO,X3,ELIT,X,8601.0
GWO_X3-ELIT,GWO,X3,ELIT,X,9147.0
GWO_X3-ELIT,GWO,X3,ELIT,X,8911.0
GWO_X3-ELIT,GWO,X3,ELIT,X,8788.0
GWO_X3-ELIT,GWO,X3,ELIT,X,8788.0
GWO_X3-ELIT,GWO,X3,ELIT,X,8842.0
GWO_X3-ELIT,GWO,X3,ELIT,X,9147.0
GWO_X3-ELIT,GWO,X3,ELIT,X,9147.0
GWO_X3-ELIT,GWO,X3,ELIT,X,8817.0
GWO_X3-ELIT,GWO,X3,ELIT,X,8788.0
GWO_X4-ELIT,GWO,X4,ELIT,X,8900.0
GWO_X4-ELIT,GWO,X4,ELIT,X,8940.0
GWO_X4-ELIT,GWO,X4,ELIT,X,8940.0
GWO_X4-ELIT,GWO,X4,ELIT,X,9147.0
GWO_X4-ELIT,GWO,X4,ELIT,X,8512.0
GWO_X4-ELIT,GWO,X4,ELIT,X,8940.0
GWO_X4-ELIT,GWO,X4,ELIT,X,8783.0
GWO_X4-ELIT,GWO,X4,ELIT,X,9147.0
GWO_X4-ELIT,GWO,X4,ELIT,X,8911.0
GWO_X4-ELIT,GWO,X4,ELIT,X,8709.0
GWO_X4-ELIT,GWO,X4,ELIT,X,8530.0
GWO_X4-ELIT,GWO,X4,ELIT,X,8842.0
GWO_X4-ELIT,GWO,X4,ELIT,X,8842.0
GWO_X4-ELIT,GWO,X4,ELIT,X,9147.0
GWO_X4-ELIT,GWO,X4,ELIT,X,8940.0
GWO_X4-ELIT,GWO,X4,ELIT,X,8481.0
GWO_X4-ELIT,GWO,X4,ELIT,X,8756.0
GWO_X4-ELIT,GWO,X4,ELIT,X,8751.0
GWO_X4-ELIT,GWO,X4,ELIT,X,8781.0
GWO_X4-ELIT,GWO,X4,ELIT,X,8788.0
GWO_X4-ELIT,GWO,X4,ELIT,X,8559.0
GWO_X4-ELIT,GWO,X4,ELIT,X,8756.0
GWO_X4-ELIT,GWO,X4,ELIT,X,8686.0
GWO_X4-ELIT,GWO,X4,ELIT,X,8929.0
GWO_X4-ELIT,GWO,X4,ELIT,X,8658.0
GWO_X4-ELIT,GWO,X4,ELIT,X,8990.0
GWO_X4-ELIT,GWO,X4,ELIT,X,8911.0
GWO_X4-ELIT,GWO,X4,ELIT,X,8660.0
GWO_X4-ELIT,GWO,X4,ELIT,X,8692.0
GWO_X4-ELIT,GWO,X4,ELIT,X,8719.0
GWO_X4-ELIT,GWO,X4,ELIT,X,9147.0
GWO_Z1-STD,GWO,Z1,STD,Z,8817.0
GWO_Z1-STD,GWO,Z1,STD,Z,8360.0
GWO_Z1-STD,GWO,Z1,STD,Z,8530.0
GWO_Z1-STD,GWO,Z1,STD,Z,8817.0
GWO_Z1-STD,GWO,Z1,STD,Z,8205.0
GWO_Z1-STD,GWO,Z1,STD,Z,8751.0
GWO_Z1-STD,GWO,Z1,STD,Z,8687.0
GWO_Z1-STD,GWO,Z1,STD,Z,8416.0
GWO_Z1-STD,GWO,Z1,STD,Z,8490.0
GWO_Z1-STD,GWO,Z1,STD,Z,8569.0
GWO_Z1-STD,GWO,Z1,STD,Z,8586.0
GWO_Z1-STD,GWO,Z1,STD,Z,8392.0
GWO_Z1-STD,GWO,Z1,STD,Z,8530.0
GWO_Z1-STD,GWO,Z1,STD,Z,8661.0
GWO_Z1-STD,GWO,Z1,STD,Z,8456.0
GWO_Z1-STD,GWO,Z1,STD,Z,8660.0
GWO_Z1-STD,GWO,Z1,STD,Z,8781.0
GWO_Z1-STD,GWO,Z1,STD,Z,8911.0
GWO_Z1-STD,GWO,Z1,STD,Z,8788.0
GWO_Z1-STD,GWO,Z1,STD,Z,8810.0
GWO_Z1-STD,GWO,Z1,STD,Z,8719.0
GWO_Z1-STD,GWO,Z1,STD,Z,8348.0
GWO_Z1-STD,GWO,Z1,STD,Z,8940.0
GWO_Z1-STD,GWO,Z1,STD,Z,8416.0
GWO_Z1-STD,GWO,Z1,STD,Z,8781.0
GWO_Z1-STD,GWO,Z1,STD,Z,8719.0
GWO_Z1-STD,GWO,Z1,STD,Z,8810.0
GWO_Z1-STD,GWO,Z1,STD,Z,8788.0
GWO_Z1-STD,GWO,Z1,STD,Z,8817.0
GWO_Z1-STD,GWO,Z1,STD,Z,8660.0
GWO_Z1-STD,GWO,Z1,STD,Z,8783.0
GWO_Z2-STD,GWO,Z2,STD,Z,9147.0
GWO_Z2-STD,GWO,Z2,STD,Z,8709.0
GWO_Z2-STD,GWO,Z2,STD,Z,8940.0
GWO_Z2-STD,GWO,Z2,STD,Z,9147.0
GWO_Z2-STD,GWO,Z2,STD,Z,8751.0
GWO_Z2-STD,GWO,Z2,STD,Z,8783.0
GWO_Z2-STD,GWO,Z2,STD,Z,8940.0
GWO_Z2-STD,GWO,Z2,STD,Z,8911.0
GWO_Z2-STD,GWO,Z2,STD,Z,8990.0
GWO_Z2-STD,GWO,Z2,STD,Z,8569.0
GWO_Z2-STD,GWO,Z2,STD,Z,8338.0
GWO_Z2-STD,GWO,Z2,STD,Z,8286.0
GWO_Z2-STD,GWO,Z2,STD,Z,8781.0
GWO_Z2-STD,GWO,Z2,STD,Z,8842.0
GWO_Z2-STD,GWO,Z2,STD,Z,8653.0
GWO_Z2-STD,GWO,Z2,STD,Z,8497.0
GWO_Z2-STD,GWO,Z2,STD,Z,8008.0
GWO_Z2-STD,GWO,Z2,STD,Z,8751.0
GWO_Z2-STD,GWO,Z2,STD,Z,8709.0
GWO_Z2-STD,GWO,Z2,STD,Z,8990.0
GWO_Z2-STD,GWO,Z2,STD,Z,8911.0
GWO_Z2-STD,GWO,Z2,STD,Z,9147.0
GWO_Z2-STD,GWO,Z2,STD,Z,8719.0
GWO_Z2-STD,GWO,Z2,STD,Z,9147.0
GWO_Z2-STD,GWO,Z2,STD,Z,8686.0
GWO_Z2-STD,GWO,Z2,STD,Z,8455.0
GWO_Z2-STD,GWO,Z2,STD,Z,8810.0
GWO_Z2-STD,GWO,Z2,STD,Z,9147.0
GWO_Z2-STD,GWO,Z2,STD,Z,8929.0
GWO_Z2-STD,GWO,Z2,STD,Z,8810.0
GWO_Z2-STD,GWO,Z2,STD,Z,8783.0
GWO_Z3-STD,GWO,Z3,STD,Z,8569.0
GWO_Z3-STD,GWO,Z3,STD,Z,8660.0
GWO_Z3-STD,GWO,Z3,STD,Z,8554.0
GWO_Z3-STD,GWO,Z3,STD,Z,8810.0
GWO_Z3-STD,GWO,Z3,STD,Z,8653.0
GWO_Z3-STD,GWO,Z3,STD,Z,8911.0
GWO_Z3-STD,GWO,Z3,STD,Z,8911.0
GWO_Z3-STD,GWO,Z3,STD,Z,8990.0
GWO_Z3-STD,GWO,Z3,STD,Z,8709.0
GWO_Z3-STD,GWO,Z3,STD,Z,8808.0
GWO_Z3-STD,GWO,Z3,STD,Z,8451.0
GWO_Z3-STD,GWO,Z3,STD,Z,8158.0
GWO_Z3-STD,GWO,Z3,STD,Z,8940.0
GWO_Z3-STD,GWO,Z3,STD,Z,9147.0
GWO_Z3-STD,GWO,Z3,STD,Z,8783.0
GWO_Z3-STD,GWO,Z3,STD,Z,8911.0
GWO_Z3-STD,GWO,Z3,STD,Z,8808.0
GWO_Z3-STD,GWO,Z3,STD,Z,8687.0
GWO_Z3-STD,GWO,Z3,STD,Z,9147.0
GWO_Z3-STD,GWO,Z3,STD,Z,8911.0
GWO_Z3-STD,GWO,Z3,STD,Z,8471.0
GWO_Z3-STD,GWO,Z3,STD,Z,8382.0
GWO_Z3-STD,GWO,Z3,STD,Z,9147.0
GWO_Z3-STD,GWO,Z3,STD,Z,8929.0
GWO_Z3-STD,GWO,Z3,STD,Z,8478.0
GWO_Z3-STD,GWO,Z3,STD,Z,8817.0
GWO_Z3-STD,GWO,Z3,STD,Z,9147.0
GWO_Z3-STD,GWO,Z3,STD,Z,8756.0
GWO_Z3-STD,GWO,Z3,STD,Z,9147.0
GWO_Z3-STD,GWO,Z3,STD,Z,8817.0
GWO_Z3-STD,GWO,Z3,STD,Z,8661.0
GWO_Z4-STD,GWO,Z4,STD,Z,8601.0
GWO_Z4-STD,GWO,Z4,STD,Z,8842.0
GWO_Z4-STD,GWO,Z4,STD,Z,8544.0
GWO_Z4-STD,GWO,Z4,STD,Z,8658.0
GWO_Z4-STD,GWO,Z4,STD,Z,8817.0
GWO_Z4-STD,GWO,Z4,STD,Z,8657.0
GWO_Z4-STD,GWO,Z4,STD,Z,8528.0
GWO_Z4-STD,GWO,Z4,STD,Z,8325.0
GWO_Z4-STD,GWO,Z4,STD,Z,8940.0
GWO_Z4-STD,GWO,Z4,STD,Z,8687.0
GWO_Z4-STD,GWO,Z4,STD,Z,8751.0
GWO_Z4-STD,GWO,Z4,STD,Z,8592.0
GWO_Z4-STD,GWO,Z4,STD,Z,8291.0
GWO_Z4-STD,GWO,Z4,STD,Z,9147.0
GWO_Z4-STD,GWO,Z4,STD,Z,9147.0
GWO_Z4-STD,GWO,Z4,STD,Z,8446.0
GWO_Z4-STD,GWO,Z4,STD,Z,8940.0
GWO_Z4-STD,GWO,Z4,STD,Z,9147.0
GWO_Z4-STD,GWO,Z4,STD,Z,8911.0
GWO_Z4-STD,GWO,Z4,STD,Z,8318.0
GWO_Z4-STD,GWO,Z4,STD,Z,9147.0
GWO_Z4-STD,GWO,Z4,STD,Z,8810.0
GWO_Z4-STD,GWO,Z4,STD,Z,8638.0
GWO_Z4-STD,GWO,Z4,STD,Z,9147.0
GWO_Z4-STD,GWO,Z4,STD,Z,8817.0
GWO_Z4-STD,GWO,Z4,STD,Z,8601.0
GWO_Z4-STD,GWO,Z4,STD,Z,8781.0
GWO_Z4-STD,GWO,Z4,STD,Z,8751.0
GWO_Z4-STD,GWO,Z4,STD,Z,8842.0
GWO_Z4-STD,GWO,Z4,STD,Z,8586.0
GWO_Z4-STD,GWO,Z4,STD,Z,8940.0
GWO_Z1-COM,GWO,Z1,COM,Z,8911.0
GWO_Z1-COM,GWO,Z1,COM,Z,8810.0
GWO_Z1-COM,GWO,Z1,COM,Z,8783.0
GWO_Z1-COM,GWO,Z1,COM,Z,8990.0
GWO_Z1-COM,GWO,Z1,COM,Z,8781.0
GWO_Z1-COM,GWO,Z1,COM,Z,8719.0
GWO_Z1-COM,GWO,Z1,COM,Z,8530.0
GWO_Z1-COM,GWO,Z1,COM,Z,8719.0
GWO_Z1-COM,GWO,Z1,COM,Z,8940.0
GWO_Z1-COM,GWO,Z1,COM,Z,8810.0
GWO_Z1-COM,GWO,Z1,COM,Z,8658.0
GWO_Z1-COM,GWO,Z1,COM,Z,8781.0
GWO_Z1-COM,GWO,Z1,COM,Z,8990.0
GWO_Z1-COM,GWO,Z1,COM,Z,8382.0
GWO_Z1-COM,GWO,Z1,COM,Z,8686.0
GWO_Z1-COM,GWO,Z1,COM,Z,9147.0
GWO_Z1-COM,GWO,Z1,COM,Z,8810.0
GWO_Z1-COM,GWO,Z1,COM,Z,8783.0
GWO_Z1-COM,GWO,Z1,COM,Z,8817.0
GWO_Z1-COM,GWO,Z1,COM,Z,9147.0
GWO_Z1-COM,GWO,Z1,COM,Z,8940.0
GWO_Z1-COM,GWO,Z1,COM,Z,8817.0
GWO_Z1-COM,GWO,Z1,COM,Z,8556.0
GWO_Z1-COM,GWO,Z1,COM,Z,8751.0
GWO_Z1-COM,GWO,Z1,COM,Z,8687.0
GWO_Z1-COM,GWO,Z1,COM,Z,8751.0
GWO_Z1-COM,GWO,Z1,COM,Z,8940.0
GWO_Z1-COM,GWO,Z1,COM,Z,9147.0
GWO_Z1-COM,GWO,Z1,COM,Z,8911.0
GWO_Z1-COM,GWO,Z1,COM,Z,8528.0
GWO_Z1-COM,GWO,Z1,COM,Z,9147.0
GWO_Z2-COM,GWO,Z2,COM,Z,8911.0
GWO_Z2-COM,GWO,Z2,COM,Z,8501.0
GWO_Z2-COM,GWO,Z2,COM,Z,8601.0
GWO_Z2-COM,GWO,Z2,COM,Z,8810.0
GWO_Z2-COM,GWO,Z2,COM,Z,8375.0
GWO_Z2-COM,GWO,Z2,COM,Z,8318.0
GWO_Z2-COM,GWO,Z2,COM,Z,8929.0
GWO_Z2-COM,GWO,Z2,COM,Z,8337.0
GWO_Z2-COM,GWO,Z2,COM,Z,8628.0
GWO_Z2-COM,GWO,Z2,COM,Z,8662.0
GWO_Z2-COM,GWO,Z2,COM,Z,8810.0
GWO_Z2-COM,GWO,Z2,COM,Z,8810.0
GWO_Z2-COM,GWO,Z2,COM,Z,8940.0
GWO_Z2-COM,GWO,Z2,COM,Z,8817.0
GWO_Z2-COM,GWO,Z2,COM,Z,8990.0
GWO_Z2-COM,GWO,Z2,COM,Z,8556.0
GWO_Z2-COM,GWO,Z2,COM,Z,8783.0
GWO_Z2-COM,GWO,Z2,COM,Z,8990.0
GWO_Z2-COM,GWO,Z2,COM,Z,8234.0
GWO_Z2-COM,GWO,Z2,COM,Z,8719.0
GWO_Z2-COM,GWO,Z2,COM,Z,8808.0
GWO_Z2-COM,GWO,Z2,COM,Z,8940.0
GWO_Z2-COM,GWO,Z2,COM,Z,8628.0
GWO_Z2-COM,GWO,Z2,COM,Z,9147.0
GWO_Z2-COM,GWO,Z2,COM,Z,8940.0
GWO_Z2-COM,GWO,Z2,COM,Z,8625.0
GWO_Z2-COM,GWO,Z2,COM,Z,8911.0
GWO_Z2-COM,GWO,Z2,COM,Z,8653.0
GWO_Z2-COM,GWO,Z2,COM,Z,8940.0
GWO_Z2-COM,GWO,Z2,COM,Z,8657.0
GWO_Z2-COM,GWO,Z2,COM,Z,8842.0
GWO_Z3-COM,GWO,Z3,COM,Z,8940.0
GWO_Z3-COM,GWO,Z3,COM,Z,8788.0
GWO_Z3-COM,GWO,Z3,COM,Z,9147.0
GWO_Z3-COM,GWO,Z3,COM,Z,8658.0
GWO_Z3-COM,GWO,Z3,COM,Z,8751.0
GWO_Z3-COM,GWO,Z3,COM,Z,8842.0
GWO_Z3-COM,GWO,Z3,COM,Z,8781.0
GWO_Z3-COM,GWO,Z3,COM,Z,8569.0
GWO_Z3-COM,GWO,Z3,COM,Z,8625.0
GWO_Z3-COM,GWO,Z3,COM,Z,8601.0
GWO_Z3-COM,GWO,Z3,COM,Z,9147.0
GWO_Z3-COM,GWO,Z3,COM,Z,8288.0
GWO_Z3-COM,GWO,Z3,COM,Z,9147.0
GWO_Z3-COM,GWO,Z3,COM,Z,8660.0
GWO_Z3-COM,GWO,Z3,COM,Z,8227.0
GWO_Z3-COM,GWO,Z3,COM,Z,8512.0
GWO_Z3-COM,GWO,Z3,COM,Z,8602.0
GWO_Z3-COM,GWO,Z3,COM,Z,8628.0
GWO_Z3-COM,GWO,Z3,COM,Z,8392.0
GWO_Z3-COM,GWO,Z3,COM,Z,8657.0
GWO_Z3-COM,GWO,Z3,COM,Z,8783.0
GWO_Z3-COM,GWO,Z3,COM,Z,8751.0
GWO_Z3-COM,GWO,Z3,COM,Z,8751.0
GWO_Z3-COM,GWO,Z3,COM,Z,8940.0
GWO_Z3-COM,GWO,Z3,COM,Z,8810.0
GWO_Z3-COM,GWO,Z3,COM,Z,9147.0
GWO_Z3-COM,GWO,Z3,COM,Z,8530.0
GWO_Z3-COM,GWO,Z3,COM,Z,8810.0
GWO_Z3-COM,GWO,Z3,COM,Z,8842.0
GWO_Z3-COM,GWO,Z3,COM,Z,8842.0
GWO_Z3-COM,GWO,Z3,COM,Z,8911.0
GWO_Z4-COM,GWO,Z4,COM,Z,8940.0
GWO_Z4-COM,GWO,Z4,COM,Z,8940.0
GWO_Z4-COM,GWO,Z4,COM,Z,8990.0
GWO_Z4-COM,GWO,Z4,COM,Z,8756.0
GWO_Z4-COM,GWO,Z4,COM,Z,8179.0
GWO_Z4-COM,GWO,Z4,COM,Z,8516.0
GWO_Z4-COM,GWO,Z4,COM,Z,8259.0
GWO_Z4-COM,GWO,Z4,COM,Z,8911.0
GWO_Z4-COM,GWO,Z4,COM,Z,8911.0
GWO_Z4-COM,GWO,Z4,COM,Z,8527.0
GWO_Z4-COM,GWO,Z4,COM,Z,8817.0
GWO_Z4-COM,GWO,Z4,COM,Z,8810.0
GWO_Z4-COM,GWO,Z4,COM,Z,8940.0
GWO_Z4-COM,GWO,Z4,COM,Z,8817.0
GWO_Z4-COM,GWO,Z4,COM,Z,8783.0
GWO_Z4-COM,GWO,Z4,COM,Z,8327.0
GWO_Z4-COM,GWO,Z4,COM,Z,8911.0
GWO_Z4-COM,GWO,Z4,COM,Z,8817.0
GWO_Z4-COM,GWO,Z4,COM,Z,8658.0
GWO_Z4-COM,GWO,Z4,COM,Z,8940.0
GWO_Z4-COM,GWO,Z4,COM,Z,8719.0
GWO_Z4-COM,GWO,Z4,COM,Z,8842.0
GWO_Z4-COM,GWO,Z4,COM,Z,8709.0
GWO_Z4-COM,GWO,Z4,COM,Z,8751.0
GWO_Z4-COM,GWO,Z4,COM,Z,8602.0
GWO_Z4-COM,GWO,Z4,COM,Z,8658.0
GWO_Z4-COM,GWO,Z4,COM,Z,8788.0
GWO_Z4-COM,GWO,Z4,COM,Z,9147.0
GWO_Z4-COM,GWO,Z4,COM,Z,8687.0
GWO_Z4-COM,GWO,Z4,COM,Z,8788.0
GWO_Z4-COM,GWO,Z4,COM,Z,8586.0
GWO_Z1-ELIT,GWO,Z1,ELIT,Z,8579.0
GWO_Z1-ELIT,GWO,Z1,ELIT,Z,9147.0
GWO_Z1-ELIT,GWO,Z1,ELIT,Z,8599.0
GWO_Z1-ELIT,GWO,Z1,ELIT,Z,8842.0
GWO_Z1-ELIT,GWO,Z1,ELIT,Z,8756.0
GWO_Z1-ELIT,GWO,Z1,ELIT,Z,9147.0
GWO_Z1-ELIT,GWO,Z1,ELIT,Z,9147.0
GWO_Z1-ELIT,GWO,Z1,ELIT,Z,8810.0
GWO_Z1-ELIT,GWO,Z1,ELIT,Z,8817.0
GWO_Z1-ELIT,GWO,Z1,ELIT,Z,8911.0
GWO_Z1-ELIT,GWO,Z1,ELIT,Z,8810.0
GWO_Z1-ELIT,GWO,Z1,ELIT,Z,9147.0
GWO_Z1-ELIT,GWO,Z1,ELIT,Z,8842.0
GWO_Z1-ELIT,GWO,Z1,ELIT,Z,9147.0
GWO_Z1-ELIT,GWO,Z1,ELIT,Z,8508.0
GWO_Z1-ELIT,GWO,Z1,ELIT,Z,8842.0
GWO_Z1-ELIT,GWO,Z1,ELIT,Z,8586.0
GWO_Z1-ELIT,GWO,Z1,ELIT,Z,8817.0
GWO_Z1-ELIT,GWO,Z1,ELIT,Z,8719.0
GWO_Z1-ELIT,GWO,Z1,ELIT,Z,8592.0
GWO_Z1-ELIT,GWO,Z1,ELIT,Z,8660.0
GWO_Z1-ELIT,GWO,Z1,ELIT,Z,8660.0
GWO_Z1-ELIT,GWO,Z1,ELIT,Z,8940.0
GWO_Z1-ELIT,GWO,Z1,ELIT,Z,8911.0
GWO_Z1-ELIT,GWO,Z1,ELIT,Z,8579.0
GWO_Z1-ELIT,GWO,Z1,ELIT,Z,8599.0
GWO_Z1-ELIT,GWO,Z1,ELIT,Z,8783.0
GWO_Z1-ELIT,GWO,Z1,ELIT,Z,8788.0
GWO_Z1-ELIT,GWO,Z1,ELIT,Z,8556.0
GWO_Z1-ELIT,GWO,Z1,ELIT,Z,8692.0
GWO_Z1-ELIT,GWO,Z1,ELIT,Z,8781.0
GWO_Z2-ELIT,GWO,Z2,ELIT,Z,8911.0
GWO_Z2-ELIT,GWO,Z2,ELIT,Z,8842.0
GWO_Z2-ELIT,GWO,Z2,ELIT,Z,8990.0
GWO_Z2-ELIT,GWO,Z2,ELIT,Z,9147.0
GWO_Z2-ELIT,GWO,Z2,ELIT,Z,8628.0
GWO_Z2-ELIT,GWO,Z2,ELIT,Z,8660.0
GWO_Z2-ELIT,GWO,Z2,ELIT,Z,8911.0
GWO_Z2-ELIT,GWO,Z2,ELIT,Z,8382.0
GWO_Z2-ELIT,GWO,Z2,ELIT,Z,8842.0
GWO_Z2-ELIT,GWO,Z2,ELIT,Z,8719.0
GWO_Z2-ELIT,GWO,Z2,ELIT,Z,8929.0
GWO_Z2-ELIT,GWO,Z2,ELIT,Z,8286.0
GWO_Z2-ELIT,GWO,Z2,ELIT,Z,8490.0
GWO_Z2-ELIT,GWO,Z2,ELIT,Z,8842.0
GWO_Z2-ELIT,GWO,Z2,ELIT,Z,8687.0
GWO_Z2-ELIT,GWO,Z2,ELIT,Z,9147.0
GWO_Z2-ELIT,GWO,Z2,ELIT,Z,8638.0
GWO_Z2-ELIT,GWO,Z2,ELIT,Z,8628.0
GWO_Z2-ELIT,GWO,Z2,ELIT,Z,8544.0
GWO_Z2-ELIT,GWO,Z2,ELIT,Z,9147.0
GWO_Z2-ELIT,GWO,Z2,ELIT,Z,8709.0
GWO_Z2-ELIT,GWO,Z2,ELIT,Z,8783.0
GWO_Z2-ELIT,GWO,Z2,ELIT,Z,8817.0
GWO_Z2-ELIT,GWO,Z2,ELIT,Z,8911.0
GWO_Z2-ELIT,GWO,Z2,ELIT,Z,8490.0
GWO_Z2-ELIT,GWO,Z2,ELIT,Z,8990.0
GWO_Z2-ELIT,GWO,Z2,ELIT,Z,9147.0
GWO_Z2-ELIT,GWO,Z2,ELIT,Z,8783.0
GWO_Z2-ELIT,GWO,Z2,ELIT,Z,8661.0
GWO_Z2-ELIT,GWO,Z2,ELIT,Z,8990.0
GWO_Z2-ELIT,GWO,Z2,ELIT,Z,8808.0
GWO_Z3-ELIT,GWO,Z3,ELIT,Z,8478.0
GWO_Z3-ELIT,GWO,Z3,ELIT,Z,8382.0
GWO_Z3-ELIT,GWO,Z3,ELIT,Z,8687.0
GWO_Z3-ELIT,GWO,Z3,ELIT,Z,8661.0
GWO_Z3-ELIT,GWO,Z3,ELIT,Z,8810.0
GWO_Z3-ELIT,GWO,Z3,ELIT,Z,8719.0
GWO_Z3-ELIT,GWO,Z3,ELIT,Z,8940.0
GWO_Z3-ELIT,GWO,Z3,ELIT,Z,8799.0
GWO_Z3-ELIT,GWO,Z3,ELIT,Z,8318.0
GWO_Z3-ELIT,GWO,Z3,ELIT,Z,8751.0
GWO_Z3-ELIT,GWO,Z3,ELIT,Z,8660.0
GWO_Z3-ELIT,GWO,Z3,ELIT,Z,8037.0
GWO_Z3-ELIT,GWO,Z3,ELIT,Z,8788.0
GWO_Z3-ELIT,GWO,Z3,ELIT,Z,8940.0
GWO_Z3-ELIT,GWO,Z3,ELIT,Z,8687.0
GWO_Z3-ELIT,GWO,Z3,ELIT,Z,9147.0
GWO_Z3-ELIT,GWO,Z3,ELIT,Z,8817.0
GWO_Z3-ELIT,GWO,Z3,ELIT,Z,8516.0
GWO_Z3-ELIT,GWO,Z3,ELIT,Z,8530.0
GWO_Z3-ELIT,GWO,Z3,ELIT,Z,8556.0
GWO_Z3-ELIT,GWO,Z3,ELIT,Z,8490.0
GWO_Z3-ELIT,GWO,Z3,ELIT,Z,8417.0
GWO_Z3-ELIT,GWO,Z3,ELIT,Z,8323.0
GWO_Z3-ELIT,GWO,Z3,ELIT,Z,8808.0
GWO_Z3-ELIT,GWO,Z3,ELIT,Z,8490.0
GWO_Z3-ELIT,GWO,Z3,ELIT,Z,8451.0
GWO_Z3-ELIT,GWO,Z3,ELIT,Z,8759.0
GWO_Z3-ELIT,GWO,Z3,ELIT,Z,8940.0
GWO_Z3-ELIT,GWO,Z3,ELIT,Z,9147.0
GWO_Z3-ELIT,GWO,Z3,ELIT,Z,8940.0
GWO_Z3-ELIT,GWO,Z3,ELIT,Z,8783.0
GWO_Z4-ELIT,GWO,Z4,ELIT,Z,8940.0
GWO_Z4-ELIT,GWO,Z4,ELIT,Z,8810.0
GWO_Z4-ELIT,GWO,Z4,ELIT,Z,8940.0
GWO_Z4-ELIT,GWO,Z4,ELIT,Z,8586.0
GWO_Z4-ELIT,GWO,Z4,ELIT,Z,9147.0
GWO_Z4-ELIT,GWO,Z4,ELIT,Z,8990.0
GWO_Z4-ELIT,GWO,Z4,ELIT,Z,8810.0
GWO_Z4-ELIT,GWO,Z4,ELIT,Z,8842.0
GWO_Z4-ELIT,GWO,Z4,ELIT,Z,8751.0
GWO_Z4-ELIT,GWO,Z4,ELIT,Z,8810.0
GWO_Z4-ELIT,GWO,Z4,ELIT,Z,8579.0
GWO_Z4-ELIT,GWO,Z4,ELIT,Z,8817.0
GWO_Z4-ELIT,GWO,Z4,ELIT,Z,8940.0
GWO_Z4-ELIT,GWO,Z4,ELIT,Z,8323.0
GWO_Z4-ELIT,GWO,Z4,ELIT,Z,8842.0
GWO_Z4-ELIT,GWO,Z4,ELIT,Z,8599.0
GWO_Z4-ELIT,GWO,Z4,ELIT,Z,9147.0
GWO_Z4-ELIT,GWO,Z4,ELIT,Z,8687.0
GWO_Z4-ELIT,GWO,Z4,ELIT,Z,8940.0
GWO_Z4-ELIT,GWO,Z4,ELIT,Z,8940.0
GWO_Z4-ELIT,GWO,Z4,ELIT,Z,8388.0
GWO_Z4-ELIT,GWO,Z4,ELIT,Z,9147.0
GWO_Z4-ELIT,GWO,Z4,ELIT,Z,8687.0
GWO_Z4-ELIT,GWO,Z4,ELIT,Z,8911.0
GWO_Z4-ELIT,GWO,Z4,ELIT,Z,8525.0
GWO_Z4-ELIT,GWO,Z4,ELIT,Z,9147.0
GWO_Z4-ELIT,GWO,Z4,ELIT,Z,8940.0
GWO_Z4-ELIT,GWO,Z4,ELIT,Z,9147.0
GWO_Z4-ELIT,GWO,Z4,ELIT,Z,8719.0
GWO_Z4-ELIT,GWO,Z4,ELIT,Z,8842.0
GWO_Z4-ELIT,GWO,Z4,ELIT,Z,8751.0
